Score,Review_ID,Description,email,Storefront_ID
5,1,"Maecenas leo odio, condimentum id, luctus nec, molestie sed, justo. Pellentesque viverra pede ac diam. Cras pellentesque volutpat dui.",dtylor0@deviantart.com,500
1,2,Cras non velit nec nisi vulputate nonummy. Maecenas tincidunt lacus at velit. Vivamus vel nulla eget eros elementum pellentesque.,garonson1@hp.com,501
5,3,"Mauris enim leo, rhoncus sed, vestibulum sit amet, cursus id, turpis. Integer aliquet, massa id lobortis convallis, tortor risus dapibus augue, vel accumsan tellus nisi eu orci. Mauris lacinia sapien quis libero.",kferrao2@list-manage.com,502
5,4,"Proin eu mi. Nulla ac enim. In tempor, turpis nec euismod scelerisque, quam turpis adipiscing lorem, vitae mattis nibh ligula nec sem.",ohouseley3@mail.ru,503
5,5,"In hac habitasse platea dictumst. Morbi vestibulum, velit id pretium iaculis, diam erat fermentum justo, nec condimentum neque sapien placerat ante. Nulla justo.",tzorzoni4@pen.io,504
3,6,"Aenean fermentum. Donec ut mauris eget massa tempor convallis. Nulla neque libero, convallis eget, eleifend luctus, ultricies eu, nibh.",smurrill5@i2i.jp,505
1,7,"Vestibulum quam sapien, varius ut, blandit non, interdum in, ante. Vestibulum ante ipsum primis in faucibus orci luctus et ultrices posuere cubilia Curae; Duis faucibus accumsan odio. Curabitur convallis.",jbrosch6@cafepress.com,506
2,8,Phasellus sit amet erat. Nulla tempus. Vivamus in felis eu sapien cursus vestibulum.,vspowart7@sitemeter.com,507
3,9,"In hac habitasse platea dictumst. Morbi vestibulum, velit id pretium iaculis, diam erat fermentum justo, nec condimentum neque sapien placerat ante. Nulla justo.",ttimmis8@comcast.net,508
5,10,"Lorem ipsum dolor sit amet, consectetuer adipiscing elit. Proin risus. Praesent lectus.",fstrognell9@creativecommons.org,509
4,11,Maecenas ut massa quis augue luctus tincidunt. Nulla mollis molestie lorem. Quisque ut erat.,ewheadona@is.gd,510
4,12,Aenean lectus. Pellentesque eget nunc. Donec quis orci eget orci vehicula condimentum.,sibanb@ox.ac.uk,511
5,13,"Proin interdum mauris non ligula pellentesque ultrices. Phasellus id sapien in sapien iaculis congue. Vivamus metus arcu, adipiscing molestie, hendrerit at, vulputate vitae, nisl.",mdacombec@harvard.edu,512
5,14,Phasellus in felis. Donec semper sapien a libero. Nam dui.,dchownd@digg.com,513
2,15,Maecenas ut massa quis augue luctus tincidunt. Nulla mollis molestie lorem. Quisque ut erat.,slicencee@merriam-webster.com,514
3,16,"Fusce posuere felis sed lacus. Morbi sem mauris, laoreet ut, rhoncus aliquet, pulvinar sed, nisl. Nunc rhoncus dui vel sem.",fmoulesf@storify.com,515
5,17,"Maecenas tristique, est et tempus semper, est quam pharetra magna, ac consequat metus sapien ut nunc. Vestibulum ante ipsum primis in faucibus orci luctus et ultrices posuere cubilia Curae; Mauris viverra diam vitae quam. Suspendisse potenti.",gacombg@exblog.jp,516
2,18,Suspendisse potenti. In eleifend quam a odio. In hac habitasse platea dictumst.,lmuttonh@upenn.edu,517
1,19,"Fusce posuere felis sed lacus. Morbi sem mauris, laoreet ut, rhoncus aliquet, pulvinar sed, nisl. Nunc rhoncus dui vel sem.",cpriteri@wikimedia.org,518
5,20,Aenean lectus. Pellentesque eget nunc. Donec quis orci eget orci vehicula condimentum.,awainmanj@ebay.co.uk,519
2,21,"Proin interdum mauris non ligula pellentesque ultrices. Phasellus id sapien in sapien iaculis congue. Vivamus metus arcu, adipiscing molestie, hendrerit at, vulputate vitae, nisl.",noscannillk@fastcompany.com,520
3,22,Duis aliquam convallis nunc. Proin at turpis a pede posuere nonummy. Integer non velit.,rmaccaguel@gnu.org,521
1,23,Nulla ut erat id mauris vulputate elementum. Nullam varius. Nulla facilisi.,vcaponm@soup.io,522
2,24,"Nam ultrices, libero non mattis pulvinar, nulla pede ullamcorper augue, a suscipit nulla elit ac nulla. Sed vel enim sit amet nunc viverra dapibus. Nulla suscipit ligula in lacus.",kmccolln@ifeng.com,523
2,25,Sed ante. Vivamus tortor. Duis mattis egestas metus.,pallnutto@goo.ne.jp,524
3,26,Etiam vel augue. Vestibulum rutrum rutrum neque. Aenean auctor gravida sem.,dsmallbonep@cdbaby.com,525
1,27,"Curabitur gravida nisi at nibh. In hac habitasse platea dictumst. Aliquam augue quam, sollicitudin vitae, consectetuer eget, rutrum at, lorem.",nbrighamq@domainmarket.com,526
2,28,"In hac habitasse platea dictumst. Morbi vestibulum, velit id pretium iaculis, diam erat fermentum justo, nec condimentum neque sapien placerat ante. Nulla justo.",lfieldersr@blogger.com,527
4,29,"Morbi porttitor lorem id ligula. Suspendisse ornare consequat lectus. In est risus, auctor sed, tristique in, tempus sit amet, sem.",dmiless@themeforest.net,528
1,30,Suspendisse potenti. In eleifend quam a odio. In hac habitasse platea dictumst.,lappletont@pcworld.com,529
4,31,"Lorem ipsum dolor sit amet, consectetuer adipiscing elit. Proin risus. Praesent lectus.",mchmarnyu@unc.edu,530
1,32,Duis consequat dui nec nisi volutpat eleifend. Donec ut dolor. Morbi vel lectus in quam fringilla rhoncus.,twannanv@wikipedia.org,531
2,33,"Aenean fermentum. Donec ut mauris eget massa tempor convallis. Nulla neque libero, convallis eget, eleifend luctus, ultricies eu, nibh.",jhalheadw@t.co,532
1,34,"Curabitur at ipsum ac tellus semper interdum. Mauris ullamcorper purus sit amet nulla. Quisque arcu libero, rutrum ac, lobortis vel, dapibus at, diam.",btuplingx@privacy.gov.au,533
3,35,Integer ac leo. Pellentesque ultrices mattis odio. Donec vitae nisi.,chaddrelly@flickr.com,534
3,36,"Praesent blandit. Nam nulla. Integer pede justo, lacinia eget, tincidunt eget, tempus vel, pede.",jimmsz@oracle.com,535
2,37,"Vestibulum ac est lacinia nisi venenatis tristique. Fusce congue, diam id ornare imperdiet, sapien urna pretium nisl, ut volutpat sapien arcu sed augue. Aliquam erat volutpat.",jwillson10@bigcartel.com,536
4,38,"Proin eu mi. Nulla ac enim. In tempor, turpis nec euismod scelerisque, quam turpis adipiscing lorem, vitae mattis nibh ligula nec sem.",jbonnet11@google.co.uk,537
5,39,"Sed sagittis. Nam congue, risus semper porta volutpat, quam pede lobortis ligula, sit amet eleifend pede libero quis orci. Nullam molestie nibh in lectus.",lthonason12@nydailynews.com,538
3,40,Duis consequat dui nec nisi volutpat eleifend. Donec ut dolor. Morbi vel lectus in quam fringilla rhoncus.,banniwell13@bloglovin.com,539
1,41,Integer ac leo. Pellentesque ultrices mattis odio. Donec vitae nisi.,kburchill14@canalblog.com,540
2,42,"Curabitur gravida nisi at nibh. In hac habitasse platea dictumst. Aliquam augue quam, sollicitudin vitae, consectetuer eget, rutrum at, lorem.",cpridgeon15@last.fm,541
4,43,"Aenean fermentum. Donec ut mauris eget massa tempor convallis. Nulla neque libero, convallis eget, eleifend luctus, ultricies eu, nibh.",twallington16@trellian.com,542
3,44,Duis bibendum. Morbi non quam nec dui luctus rutrum. Nulla tellus.,mshingfield17@is.gd,543
3,45,Duis bibendum. Morbi non quam nec dui luctus rutrum. Nulla tellus.,mrowlin18@google.ca,544
4,46,Suspendisse potenti. In eleifend quam a odio. In hac habitasse platea dictumst.,bastill19@123-reg.co.uk,545
1,47,"Nam ultrices, libero non mattis pulvinar, nulla pede ullamcorper augue, a suscipit nulla elit ac nulla. Sed vel enim sit amet nunc viverra dapibus. Nulla suscipit ligula in lacus.",wvanarsdalen1a@springer.com,546
1,48,"In sagittis dui vel nisl. Duis ac nibh. Fusce lacus purus, aliquet at, feugiat non, pretium quis, lectus.",pdelasalle1b@dedecms.com,547
4,49,"Mauris enim leo, rhoncus sed, vestibulum sit amet, cursus id, turpis. Integer aliquet, massa id lobortis convallis, tortor risus dapibus augue, vel accumsan tellus nisi eu orci. Mauris lacinia sapien quis libero.",gfrankish1c@artisteer.com,548
4,50,Phasellus in felis. Donec semper sapien a libero. Nam dui.,kmangeot1d@vk.com,549
1,51,"Nam ultrices, libero non mattis pulvinar, nulla pede ullamcorper augue, a suscipit nulla elit ac nulla. Sed vel enim sit amet nunc viverra dapibus. Nulla suscipit ligula in lacus.",gvanichkin1e@cdc.gov,550
3,52,Pellentesque at nulla. Suspendisse potenti. Cras in purus eu magna vulputate luctus.,jedmonstone1f@tripadvisor.com,551
5,53,"Maecenas leo odio, condimentum id, luctus nec, molestie sed, justo. Pellentesque viverra pede ac diam. Cras pellentesque volutpat dui.",jmcchruiter1g@wikispaces.com,552
2,54,Suspendisse potenti. In eleifend quam a odio. In hac habitasse platea dictumst.,bmcwilliams1h@yolasite.com,553
4,55,Nulla ut erat id mauris vulputate elementum. Nullam varius. Nulla facilisi.,vquilliam1i@ow.ly,554
3,56,Aliquam quis turpis eget elit sodales scelerisque. Mauris sit amet eros. Suspendisse accumsan tortor quis turpis.,nmccarrick1j@youtube.com,555
5,57,"Vestibulum ac est lacinia nisi venenatis tristique. Fusce congue, diam id ornare imperdiet, sapien urna pretium nisl, ut volutpat sapien arcu sed augue. Aliquam erat volutpat.",hiorizzo1k@stumbleupon.com,556
2,58,"In sagittis dui vel nisl. Duis ac nibh. Fusce lacus purus, aliquet at, feugiat non, pretium quis, lectus.",ggleaves1l@canalblog.com,557
5,59,"Donec diam neque, vestibulum eget, vulputate ut, ultrices vel, augue. Vestibulum ante ipsum primis in faucibus orci luctus et ultrices posuere cubilia Curae; Donec pharetra, magna vestibulum aliquet ultrices, erat tortor sollicitudin mi, sit amet lobortis sapien sapien non mi. Integer ac neque.",ncamerati1m@deliciousdays.com,558
4,60,Phasellus in felis. Donec semper sapien a libero. Nam dui.,dhattoe1n@merriam-webster.com,559
1,61,Phasellus sit amet erat. Nulla tempus. Vivamus in felis eu sapien cursus vestibulum.,esharpling1o@redcross.org,560
3,62,"Quisque porta volutpat erat. Quisque erat eros, viverra eget, congue eget, semper rutrum, nulla. Nunc purus.",claidler1p@blogtalkradio.com,561
2,63,Praesent id massa id nisl venenatis lacinia. Aenean sit amet justo. Morbi ut odio.,rwaggatt1q@gizmodo.com,562
5,64,"Praesent blandit. Nam nulla. Integer pede justo, lacinia eget, tincidunt eget, tempus vel, pede.",lsigge1r@timesonline.co.uk,563
1,65,"Morbi non lectus. Aliquam sit amet diam in magna bibendum imperdiet. Nullam orci pede, venenatis non, sodales sed, tincidunt eu, felis.",wpinnock1s@chronoengine.com,564
2,66,Aliquam quis turpis eget elit sodales scelerisque. Mauris sit amet eros. Suspendisse accumsan tortor quis turpis.,bsigsworth1t@nydailynews.com,565
5,67,Pellentesque at nulla. Suspendisse potenti. Cras in purus eu magna vulputate luctus.,bgillean1u@army.mil,566
3,68,Duis bibendum. Morbi non quam nec dui luctus rutrum. Nulla tellus.,cswires1v@seesaa.net,567
1,69,"Fusce posuere felis sed lacus. Morbi sem mauris, laoreet ut, rhoncus aliquet, pulvinar sed, nisl. Nunc rhoncus dui vel sem.",lmosey1w@cloudflare.com,568
5,70,"In sagittis dui vel nisl. Duis ac nibh. Fusce lacus purus, aliquet at, feugiat non, pretium quis, lectus.",esprowles1x@desdev.cn,569
3,71,"Lorem ipsum dolor sit amet, consectetuer adipiscing elit. Proin risus. Praesent lectus.",mgrass1y@blog.com,570
5,72,Etiam vel augue. Vestibulum rutrum rutrum neque. Aenean auctor gravida sem.,tmacglory1z@imageshack.us,571
2,73,Integer ac leo. Pellentesque ultrices mattis odio. Donec vitae nisi.,lodoran20@a8.net,572
5,74,"Cum sociis natoque penatibus et magnis dis parturient montes, nascetur ridiculus mus. Vivamus vestibulum sagittis sapien. Cum sociis natoque penatibus et magnis dis parturient montes, nascetur ridiculus mus.",dmatschek21@altervista.org,573
2,75,In quis justo. Maecenas rhoncus aliquam lacus. Morbi quis tortor id nulla ultrices aliquet.,vklehn22@nba.com,574
4,76,"In hac habitasse platea dictumst. Morbi vestibulum, velit id pretium iaculis, diam erat fermentum justo, nec condimentum neque sapien placerat ante. Nulla justo.",gber23@economist.com,575
4,77,"Quisque porta volutpat erat. Quisque erat eros, viverra eget, congue eget, semper rutrum, nulla. Nunc purus.",kabsalom24@upenn.edu,576
5,78,Suspendisse potenti. In eleifend quam a odio. In hac habitasse platea dictumst.,ahanwell25@mail.ru,577
4,79,"Cras mi pede, malesuada in, imperdiet et, commodo vulputate, justo. In blandit ultrices enim. Lorem ipsum dolor sit amet, consectetuer adipiscing elit.",mkeep26@wisc.edu,578
2,80,Nulla ut erat id mauris vulputate elementum. Nullam varius. Nulla facilisi.,tbruffell27@artisteer.com,579
3,81,Aenean lectus. Pellentesque eget nunc. Donec quis orci eget orci vehicula condimentum.,ebeaten28@hostgator.com,580
1,82,"Cras mi pede, malesuada in, imperdiet et, commodo vulputate, justo. In blandit ultrices enim. Lorem ipsum dolor sit amet, consectetuer adipiscing elit.",azellmer29@mail.ru,581
4,83,"In hac habitasse platea dictumst. Morbi vestibulum, velit id pretium iaculis, diam erat fermentum justo, nec condimentum neque sapien placerat ante. Nulla justo.",lluca2a@flickr.com,582
5,84,"Mauris enim leo, rhoncus sed, vestibulum sit amet, cursus id, turpis. Integer aliquet, massa id lobortis convallis, tortor risus dapibus augue, vel accumsan tellus nisi eu orci. Mauris lacinia sapien quis libero.",mleander2b@goodreads.com,583
3,85,Duis aliquam convallis nunc. Proin at turpis a pede posuere nonummy. Integer non velit.,dfeldhuhn2c@goo.ne.jp,584
4,86,"Quisque id justo sit amet sapien dignissim vestibulum. Vestibulum ante ipsum primis in faucibus orci luctus et ultrices posuere cubilia Curae; Nulla dapibus dolor vel est. Donec odio justo, sollicitudin ut, suscipit a, feugiat et, eros.",tormston2d@infoseek.co.jp,585
3,87,"Proin eu mi. Nulla ac enim. In tempor, turpis nec euismod scelerisque, quam turpis adipiscing lorem, vitae mattis nibh ligula nec sem.",rknowles2e@hatena.ne.jp,586
5,88,Maecenas ut massa quis augue luctus tincidunt. Nulla mollis molestie lorem. Quisque ut erat.,easbery2f@nbcnews.com,587
1,89,Integer ac leo. Pellentesque ultrices mattis odio. Donec vitae nisi.,jondrousek2g@blinklist.com,588
5,90,Integer ac leo. Pellentesque ultrices mattis odio. Donec vitae nisi.,maarons2h@shutterfly.com,589
1,91,"Curabitur at ipsum ac tellus semper interdum. Mauris ullamcorper purus sit amet nulla. Quisque arcu libero, rutrum ac, lobortis vel, dapibus at, diam.",pakester2i@deviantart.com,590
1,92,In quis justo. Maecenas rhoncus aliquam lacus. Morbi quis tortor id nulla ultrices aliquet.,dbarg2j@nhs.uk,591
4,93,"In hac habitasse platea dictumst. Morbi vestibulum, velit id pretium iaculis, diam erat fermentum justo, nec condimentum neque sapien placerat ante. Nulla justo.",stevelov2k@biblegateway.com,592
3,94,"Nam ultrices, libero non mattis pulvinar, nulla pede ullamcorper augue, a suscipit nulla elit ac nulla. Sed vel enim sit amet nunc viverra dapibus. Nulla suscipit ligula in lacus.",cgiovanizio2l@archive.org,593
5,95,Praesent id massa id nisl venenatis lacinia. Aenean sit amet justo. Morbi ut odio.,fmahody2m@chronoengine.com,594
2,96,"Praesent blandit. Nam nulla. Integer pede justo, lacinia eget, tincidunt eget, tempus vel, pede.",dburgoine2n@youtu.be,595
3,97,"In sagittis dui vel nisl. Duis ac nibh. Fusce lacus purus, aliquet at, feugiat non, pretium quis, lectus.",hben2o@tinyurl.com,596
4,98,Etiam vel augue. Vestibulum rutrum rutrum neque. Aenean auctor gravida sem.,rguild2p@intel.com,597
5,99,Duis aliquam convallis nunc. Proin at turpis a pede posuere nonummy. Integer non velit.,mpyper2q@infoseek.co.jp,598
1,100,"Morbi non lectus. Aliquam sit amet diam in magna bibendum imperdiet. Nullam orci pede, venenatis non, sodales sed, tincidunt eu, felis.",wcannavan2r@imdb.com,599
4,101,"Curabitur in libero ut massa volutpat convallis. Morbi odio odio, elementum eu, interdum eu, tincidunt in, leo. Maecenas pulvinar lobortis est.",mhabershaw2s@comcast.net,600
4,102,Phasellus sit amet erat. Nulla tempus. Vivamus in felis eu sapien cursus vestibulum.,ccrosser2t@xrea.com,601
4,103,"Maecenas leo odio, condimentum id, luctus nec, molestie sed, justo. Pellentesque viverra pede ac diam. Cras pellentesque volutpat dui.",icliffe2u@psu.edu,602
3,104,"Morbi non lectus. Aliquam sit amet diam in magna bibendum imperdiet. Nullam orci pede, venenatis non, sodales sed, tincidunt eu, felis.",bwhetnell2v@thetimes.co.uk,603
2,105,"Proin eu mi. Nulla ac enim. In tempor, turpis nec euismod scelerisque, quam turpis adipiscing lorem, vitae mattis nibh ligula nec sem.",kskeggs2w@google.it,604
1,106,Duis bibendum. Morbi non quam nec dui luctus rutrum. Nulla tellus.,esilber2x@digg.com,605
5,107,"Cras mi pede, malesuada in, imperdiet et, commodo vulputate, justo. In blandit ultrices enim. Lorem ipsum dolor sit amet, consectetuer adipiscing elit.",ddowngate2y@blogger.com,606
3,108,Phasellus sit amet erat. Nulla tempus. Vivamus in felis eu sapien cursus vestibulum.,cuvedale2z@noaa.gov,607
2,109,Aenean lectus. Pellentesque eget nunc. Donec quis orci eget orci vehicula condimentum.,adabernott30@odnoklassniki.ru,608
3,110,Sed ante. Vivamus tortor. Duis mattis egestas metus.,hberringer31@blinklist.com,609
1,111,"Vestibulum ac est lacinia nisi venenatis tristique. Fusce congue, diam id ornare imperdiet, sapien urna pretium nisl, ut volutpat sapien arcu sed augue. Aliquam erat volutpat.",astockow32@msn.com,610
5,112,"Sed sagittis. Nam congue, risus semper porta volutpat, quam pede lobortis ligula, sit amet eleifend pede libero quis orci. Nullam molestie nibh in lectus.",ebrocklehurst33@springer.com,611
2,113,"Cras mi pede, malesuada in, imperdiet et, commodo vulputate, justo. In blandit ultrices enim. Lorem ipsum dolor sit amet, consectetuer adipiscing elit.",asievewright34@zimbio.com,612
1,114,Aenean lectus. Pellentesque eget nunc. Donec quis orci eget orci vehicula condimentum.,dhinrichsen35@tripadvisor.com,613
3,115,Duis bibendum. Morbi non quam nec dui luctus rutrum. Nulla tellus.,bpolhill36@wp.com,614
3,116,"Lorem ipsum dolor sit amet, consectetuer adipiscing elit. Proin risus. Praesent lectus.",etokley37@hibu.com,615
4,117,"In sagittis dui vel nisl. Duis ac nibh. Fusce lacus purus, aliquet at, feugiat non, pretium quis, lectus.",hbarbe38@answers.com,616
2,118,Fusce consequat. Nulla nisl. Nunc nisl.,dsansbury39@mayoclinic.com,617
4,119,Fusce consequat. Nulla nisl. Nunc nisl.,fpadson3a@walmart.com,618
4,120,"Sed sagittis. Nam congue, risus semper porta volutpat, quam pede lobortis ligula, sit amet eleifend pede libero quis orci. Nullam molestie nibh in lectus.",lrubinovitch3b@cornell.edu,619
3,121,"Morbi porttitor lorem id ligula. Suspendisse ornare consequat lectus. In est risus, auctor sed, tristique in, tempus sit amet, sem.",zwhitehair3c@mlb.com,620
2,122,Pellentesque at nulla. Suspendisse potenti. Cras in purus eu magna vulputate luctus.,dbenedikt3d@hexun.com,621
2,123,"Nam ultrices, libero non mattis pulvinar, nulla pede ullamcorper augue, a suscipit nulla elit ac nulla. Sed vel enim sit amet nunc viverra dapibus. Nulla suscipit ligula in lacus.",asheridan3e@yelp.com,622
3,124,"In hac habitasse platea dictumst. Morbi vestibulum, velit id pretium iaculis, diam erat fermentum justo, nec condimentum neque sapien placerat ante. Nulla justo.",tkevern3f@cargocollective.com,623
5,125,"Curabitur at ipsum ac tellus semper interdum. Mauris ullamcorper purus sit amet nulla. Quisque arcu libero, rutrum ac, lobortis vel, dapibus at, diam.",ewegman3g@rediff.com,624
4,126,Duis bibendum. Morbi non quam nec dui luctus rutrum. Nulla tellus.,cboyles3h@harvard.edu,625
5,127,Nulla ut erat id mauris vulputate elementum. Nullam varius. Nulla facilisi.,ttebbet3i@quantcast.com,626
5,128,Suspendisse potenti. In eleifend quam a odio. In hac habitasse platea dictumst.,gwozencroft3j@nymag.com,627
3,129,"Mauris enim leo, rhoncus sed, vestibulum sit amet, cursus id, turpis. Integer aliquet, massa id lobortis convallis, tortor risus dapibus augue, vel accumsan tellus nisi eu orci. Mauris lacinia sapien quis libero.",lsadd3k@parallels.com,628
5,130,Duis bibendum. Morbi non quam nec dui luctus rutrum. Nulla tellus.,tattew3l@vinaora.com,629
1,131,"Quisque id justo sit amet sapien dignissim vestibulum. Vestibulum ante ipsum primis in faucibus orci luctus et ultrices posuere cubilia Curae; Nulla dapibus dolor vel est. Donec odio justo, sollicitudin ut, suscipit a, feugiat et, eros.",rdimitriou3m@a8.net,630
1,132,Maecenas ut massa quis augue luctus tincidunt. Nulla mollis molestie lorem. Quisque ut erat.,jrisbrough3n@t-online.de,631
4,133,Integer ac leo. Pellentesque ultrices mattis odio. Donec vitae nisi.,mpickover3o@oracle.com,632
5,134,"In hac habitasse platea dictumst. Morbi vestibulum, velit id pretium iaculis, diam erat fermentum justo, nec condimentum neque sapien placerat ante. Nulla justo.",dleathers3p@cbc.ca,633
4,135,"Morbi porttitor lorem id ligula. Suspendisse ornare consequat lectus. In est risus, auctor sed, tristique in, tempus sit amet, sem.",kzorzutti3q@twitter.com,634
3,136,Duis aliquam convallis nunc. Proin at turpis a pede posuere nonummy. Integer non velit.,ocutmare3r@webs.com,635
5,137,Fusce consequat. Nulla nisl. Nunc nisl.,rweldon3s@istockphoto.com,636
1,138,Pellentesque at nulla. Suspendisse potenti. Cras in purus eu magna vulputate luctus.,rsloan3t@ning.com,637
3,139,"Curabitur in libero ut massa volutpat convallis. Morbi odio odio, elementum eu, interdum eu, tincidunt in, leo. Maecenas pulvinar lobortis est.",ogiorgielli3u@ebay.co.uk,638
3,140,"Quisque id justo sit amet sapien dignissim vestibulum. Vestibulum ante ipsum primis in faucibus orci luctus et ultrices posuere cubilia Curae; Nulla dapibus dolor vel est. Donec odio justo, sollicitudin ut, suscipit a, feugiat et, eros.",imustard3v@sbwire.com,639
1,141,Suspendisse potenti. In eleifend quam a odio. In hac habitasse platea dictumst.,etween3w@about.com,640
2,142,Aliquam quis turpis eget elit sodales scelerisque. Mauris sit amet eros. Suspendisse accumsan tortor quis turpis.,plozano3x@vkontakte.ru,641
2,143,Sed ante. Vivamus tortor. Duis mattis egestas metus.,beickhoff3y@linkedin.com,642
3,144,In quis justo. Maecenas rhoncus aliquam lacus. Morbi quis tortor id nulla ultrices aliquet.,odammarell3z@thetimes.co.uk,643
3,145,Sed ante. Vivamus tortor. Duis mattis egestas metus.,csherry40@nsw.gov.au,644
4,146,Phasellus in felis. Donec semper sapien a libero. Nam dui.,tlucus41@whitehouse.gov,645
3,147,"Vestibulum ac est lacinia nisi venenatis tristique. Fusce congue, diam id ornare imperdiet, sapien urna pretium nisl, ut volutpat sapien arcu sed augue. Aliquam erat volutpat.",evanoord42@51.la,646
1,148,Phasellus in felis. Donec semper sapien a libero. Nam dui.,llopez43@chronoengine.com,647
5,149,Nullam sit amet turpis elementum ligula vehicula consequat. Morbi a ipsum. Integer a nibh.,abowbrick44@google.com,648
4,150,Etiam vel augue. Vestibulum rutrum rutrum neque. Aenean auctor gravida sem.,jlaurenzi45@ft.com,649
2,151,"Vestibulum quam sapien, varius ut, blandit non, interdum in, ante. Vestibulum ante ipsum primis in faucibus orci luctus et ultrices posuere cubilia Curae; Duis faucibus accumsan odio. Curabitur convallis.",cbarnaby46@tinyurl.com,650
1,152,In hac habitasse platea dictumst. Etiam faucibus cursus urna. Ut tellus.,jneeson47@aol.com,651
1,153,Phasellus in felis. Donec semper sapien a libero. Nam dui.,akennady48@cafepress.com,652
2,154,"Nam ultrices, libero non mattis pulvinar, nulla pede ullamcorper augue, a suscipit nulla elit ac nulla. Sed vel enim sit amet nunc viverra dapibus. Nulla suscipit ligula in lacus.",tnewgrosh49@prlog.org,653
2,155,"Duis bibendum, felis sed interdum venenatis, turpis enim blandit mi, in porttitor pede justo eu massa. Donec dapibus. Duis at velit eu est congue elementum.",fmitten4a@networksolutions.com,654
2,156,Praesent id massa id nisl venenatis lacinia. Aenean sit amet justo. Morbi ut odio.,mgregoli4b@usgs.gov,655
5,157,Nulla ut erat id mauris vulputate elementum. Nullam varius. Nulla facilisi.,fobbard4c@nifty.com,656
1,158,Suspendisse potenti. In eleifend quam a odio. In hac habitasse platea dictumst.,jgardener4d@nationalgeographic.com,657
1,159,"Fusce posuere felis sed lacus. Morbi sem mauris, laoreet ut, rhoncus aliquet, pulvinar sed, nisl. Nunc rhoncus dui vel sem.",adalligan4e@senate.gov,658
3,160,"Lorem ipsum dolor sit amet, consectetuer adipiscing elit. Proin risus. Praesent lectus.",sdrache4f@kickstarter.com,659
5,161,"Nam ultrices, libero non mattis pulvinar, nulla pede ullamcorper augue, a suscipit nulla elit ac nulla. Sed vel enim sit amet nunc viverra dapibus. Nulla suscipit ligula in lacus.",rgrubb4g@goo.gl,660
5,162,"Maecenas tristique, est et tempus semper, est quam pharetra magna, ac consequat metus sapien ut nunc. Vestibulum ante ipsum primis in faucibus orci luctus et ultrices posuere cubilia Curae; Mauris viverra diam vitae quam. Suspendisse potenti.",kgrayling4h@shareasale.com,661
1,163,"Sed sagittis. Nam congue, risus semper porta volutpat, quam pede lobortis ligula, sit amet eleifend pede libero quis orci. Nullam molestie nibh in lectus.",lolrenshaw4i@facebook.com,662
1,164,In quis justo. Maecenas rhoncus aliquam lacus. Morbi quis tortor id nulla ultrices aliquet.,jhilary4j@istockphoto.com,663
1,165,In quis justo. Maecenas rhoncus aliquam lacus. Morbi quis tortor id nulla ultrices aliquet.,faiton4k@un.org,664
5,166,"Donec diam neque, vestibulum eget, vulputate ut, ultrices vel, augue. Vestibulum ante ipsum primis in faucibus orci luctus et ultrices posuere cubilia Curae; Donec pharetra, magna vestibulum aliquet ultrices, erat tortor sollicitudin mi, sit amet lobortis sapien sapien non mi. Integer ac neque.",sseymer4l@utexas.edu,665
2,167,Duis consequat dui nec nisi volutpat eleifend. Donec ut dolor. Morbi vel lectus in quam fringilla rhoncus.,imintram4m@reverbnation.com,666
1,168,Nullam sit amet turpis elementum ligula vehicula consequat. Morbi a ipsum. Integer a nibh.,lbeeton4n@wunderground.com,667
3,169,Suspendisse potenti. In eleifend quam a odio. In hac habitasse platea dictumst.,epenning4o@gmpg.org,668
5,170,Nullam sit amet turpis elementum ligula vehicula consequat. Morbi a ipsum. Integer a nibh.,jdymidowicz4p@ask.com,669
4,171,"Praesent blandit. Nam nulla. Integer pede justo, lacinia eget, tincidunt eget, tempus vel, pede.",kfish4q@paginegialle.it,670
3,172,Nullam sit amet turpis elementum ligula vehicula consequat. Morbi a ipsum. Integer a nibh.,ccochet4r@prnewswire.com,671
1,173,"Fusce posuere felis sed lacus. Morbi sem mauris, laoreet ut, rhoncus aliquet, pulvinar sed, nisl. Nunc rhoncus dui vel sem.",dgerssam4s@psu.edu,672
5,174,Pellentesque at nulla. Suspendisse potenti. Cras in purus eu magna vulputate luctus.,bwebburn4t@economist.com,673
3,175,Cras non velit nec nisi vulputate nonummy. Maecenas tincidunt lacus at velit. Vivamus vel nulla eget eros elementum pellentesque.,hdenisard4u@blogger.com,674
3,176,"Proin leo odio, porttitor id, consequat in, consequat ut, nulla. Sed accumsan felis. Ut at dolor quis odio consequat varius.",aoluby4v@oakley.com,675
1,177,Aliquam quis turpis eget elit sodales scelerisque. Mauris sit amet eros. Suspendisse accumsan tortor quis turpis.,bandrus4w@soundcloud.com,676
2,178,Phasellus in felis. Donec semper sapien a libero. Nam dui.,kdensey4x@who.int,677
2,179,Nulla ut erat id mauris vulputate elementum. Nullam varius. Nulla facilisi.,rmckeney4y@imgur.com,678
5,180,"Vestibulum quam sapien, varius ut, blandit non, interdum in, ante. Vestibulum ante ipsum primis in faucibus orci luctus et ultrices posuere cubilia Curae; Duis faucibus accumsan odio. Curabitur convallis.",loutram4z@prlog.org,679
3,181,"Morbi non lectus. Aliquam sit amet diam in magna bibendum imperdiet. Nullam orci pede, venenatis non, sodales sed, tincidunt eu, felis.",wdufour50@delicious.com,680
3,182,"Sed sagittis. Nam congue, risus semper porta volutpat, quam pede lobortis ligula, sit amet eleifend pede libero quis orci. Nullam molestie nibh in lectus.",alunam51@usa.gov,681
4,183,Nullam sit amet turpis elementum ligula vehicula consequat. Morbi a ipsum. Integer a nibh.,gdrohun52@cargocollective.com,682
4,184,Maecenas ut massa quis augue luctus tincidunt. Nulla mollis molestie lorem. Quisque ut erat.,jedgar53@umich.edu,683
3,185,"Curabitur in libero ut massa volutpat convallis. Morbi odio odio, elementum eu, interdum eu, tincidunt in, leo. Maecenas pulvinar lobortis est.",ablum54@cocolog-nifty.com,684
5,186,"Praesent blandit. Nam nulla. Integer pede justo, lacinia eget, tincidunt eget, tempus vel, pede.",rcattle55@bravesites.com,685
3,187,Maecenas ut massa quis augue luctus tincidunt. Nulla mollis molestie lorem. Quisque ut erat.,mshakespear56@1und1.de,686
2,188,Aliquam quis turpis eget elit sodales scelerisque. Mauris sit amet eros. Suspendisse accumsan tortor quis turpis.,mrobey57@biglobe.ne.jp,687
5,189,Praesent id massa id nisl venenatis lacinia. Aenean sit amet justo. Morbi ut odio.,mmcginny58@earthlink.net,688
3,190,"In hac habitasse platea dictumst. Morbi vestibulum, velit id pretium iaculis, diam erat fermentum justo, nec condimentum neque sapien placerat ante. Nulla justo.",bbyron59@goodreads.com,689
4,191,"Proin interdum mauris non ligula pellentesque ultrices. Phasellus id sapien in sapien iaculis congue. Vivamus metus arcu, adipiscing molestie, hendrerit at, vulputate vitae, nisl.",amapledoram5a@europa.eu,690
3,192,"Mauris enim leo, rhoncus sed, vestibulum sit amet, cursus id, turpis. Integer aliquet, massa id lobortis convallis, tortor risus dapibus augue, vel accumsan tellus nisi eu orci. Mauris lacinia sapien quis libero.",zbattista5b@photobucket.com,691
4,193,Maecenas ut massa quis augue luctus tincidunt. Nulla mollis molestie lorem. Quisque ut erat.,hbelchambers5c@sun.com,692
5,194,"In hac habitasse platea dictumst. Morbi vestibulum, velit id pretium iaculis, diam erat fermentum justo, nec condimentum neque sapien placerat ante. Nulla justo.",bedgecombe5d@yellowbook.com,693
5,195,Duis bibendum. Morbi non quam nec dui luctus rutrum. Nulla tellus.,vbuddock5e@drupal.org,694
5,196,Nullam porttitor lacus at turpis. Donec posuere metus vitae ipsum. Aliquam non mauris.,tdesporte5f@army.mil,695
3,197,Phasellus sit amet erat. Nulla tempus. Vivamus in felis eu sapien cursus vestibulum.,npoyzer5g@theglobeandmail.com,696
5,198,"Vestibulum quam sapien, varius ut, blandit non, interdum in, ante. Vestibulum ante ipsum primis in faucibus orci luctus et ultrices posuere cubilia Curae; Duis faucibus accumsan odio. Curabitur convallis.",edendon5h@berkeley.edu,697
2,199,Phasellus in felis. Donec semper sapien a libero. Nam dui.,ebonnar5i@google.it,698
4,200,"Morbi non lectus. Aliquam sit amet diam in magna bibendum imperdiet. Nullam orci pede, venenatis non, sodales sed, tincidunt eu, felis.",rcarnduff5j@youtu.be,699
5,201,"Curabitur in libero ut massa volutpat convallis. Morbi odio odio, elementum eu, interdum eu, tincidunt in, leo. Maecenas pulvinar lobortis est.",jcurzey5k@webnode.com,700
3,202,Duis aliquam convallis nunc. Proin at turpis a pede posuere nonummy. Integer non velit.,bjell5l@timesonline.co.uk,701
1,203,Duis bibendum. Morbi non quam nec dui luctus rutrum. Nulla tellus.,hdinneges5m@si.edu,702
4,204,"Maecenas tristique, est et tempus semper, est quam pharetra magna, ac consequat metus sapien ut nunc. Vestibulum ante ipsum primis in faucibus orci luctus et ultrices posuere cubilia Curae; Mauris viverra diam vitae quam. Suspendisse potenti.",lveall5n@fastcompany.com,703
1,205,Nullam sit amet turpis elementum ligula vehicula consequat. Morbi a ipsum. Integer a nibh.,ademalchar5o@nps.gov,704
1,206,Integer tincidunt ante vel ipsum. Praesent blandit lacinia erat. Vestibulum sed magna at nunc commodo placerat.,rgovern5p@about.me,705
4,207,In hac habitasse platea dictumst. Etiam faucibus cursus urna. Ut tellus.,cpilsbury5q@booking.com,706
1,208,"Lorem ipsum dolor sit amet, consectetuer adipiscing elit. Proin risus. Praesent lectus.",tgwyer5r@businesswire.com,707
1,209,Nullam porttitor lacus at turpis. Donec posuere metus vitae ipsum. Aliquam non mauris.,polifard5s@comcast.net,708
1,210,Pellentesque at nulla. Suspendisse potenti. Cras in purus eu magna vulputate luctus.,adibb5t@google.com.br,709
2,211,Phasellus in felis. Donec semper sapien a libero. Nam dui.,mkelsey5u@microsoft.com,710
2,212,"Maecenas leo odio, condimentum id, luctus nec, molestie sed, justo. Pellentesque viverra pede ac diam. Cras pellentesque volutpat dui.",kboribal5v@gmpg.org,711
5,213,Integer tincidunt ante vel ipsum. Praesent blandit lacinia erat. Vestibulum sed magna at nunc commodo placerat.,vgullane5w@vinaora.com,712
3,214,Aenean lectus. Pellentesque eget nunc. Donec quis orci eget orci vehicula condimentum.,vkoeppe5x@live.com,713
2,215,"Morbi porttitor lorem id ligula. Suspendisse ornare consequat lectus. In est risus, auctor sed, tristique in, tempus sit amet, sem.",apischof5y@barnesandnoble.com,714
3,216,"Maecenas tristique, est et tempus semper, est quam pharetra magna, ac consequat metus sapien ut nunc. Vestibulum ante ipsum primis in faucibus orci luctus et ultrices posuere cubilia Curae; Mauris viverra diam vitae quam. Suspendisse potenti.",lclissett5z@go.com,715
3,217,Duis aliquam convallis nunc. Proin at turpis a pede posuere nonummy. Integer non velit.,rlemerie60@cbslocal.com,716
1,218,In hac habitasse platea dictumst. Etiam faucibus cursus urna. Ut tellus.,hdevo61@desdev.cn,717
1,219,"Curabitur in libero ut massa volutpat convallis. Morbi odio odio, elementum eu, interdum eu, tincidunt in, leo. Maecenas pulvinar lobortis est.",aasquith62@columbia.edu,718
5,220,In quis justo. Maecenas rhoncus aliquam lacus. Morbi quis tortor id nulla ultrices aliquet.,kezzy63@themeforest.net,719
3,221,"Maecenas leo odio, condimentum id, luctus nec, molestie sed, justo. Pellentesque viverra pede ac diam. Cras pellentesque volutpat dui.",gstachini64@japanpost.jp,720
1,222,"Donec diam neque, vestibulum eget, vulputate ut, ultrices vel, augue. Vestibulum ante ipsum primis in faucibus orci luctus et ultrices posuere cubilia Curae; Donec pharetra, magna vestibulum aliquet ultrices, erat tortor sollicitudin mi, sit amet lobortis sapien sapien non mi. Integer ac neque.",cdacke65@com.com,721
2,223,"Sed sagittis. Nam congue, risus semper porta volutpat, quam pede lobortis ligula, sit amet eleifend pede libero quis orci. Nullam molestie nibh in lectus.",lcrocket66@japanpost.jp,722
3,224,Phasellus in felis. Donec semper sapien a libero. Nam dui.,wgelderd67@squidoo.com,723
5,225,"Vestibulum quam sapien, varius ut, blandit non, interdum in, ante. Vestibulum ante ipsum primis in faucibus orci luctus et ultrices posuere cubilia Curae; Duis faucibus accumsan odio. Curabitur convallis.",rfranz68@webmd.com,724
2,226,"Vestibulum quam sapien, varius ut, blandit non, interdum in, ante. Vestibulum ante ipsum primis in faucibus orci luctus et ultrices posuere cubilia Curae; Duis faucibus accumsan odio. Curabitur convallis.",jbareford69@csmonitor.com,725
5,227,Duis bibendum. Morbi non quam nec dui luctus rutrum. Nulla tellus.,psquibbes6a@usda.gov,726
3,228,"Quisque porta volutpat erat. Quisque erat eros, viverra eget, congue eget, semper rutrum, nulla. Nunc purus.",merrey6b@smh.com.au,727
3,229,"Nam ultrices, libero non mattis pulvinar, nulla pede ullamcorper augue, a suscipit nulla elit ac nulla. Sed vel enim sit amet nunc viverra dapibus. Nulla suscipit ligula in lacus.",amowne6c@godaddy.com,728
1,230,Etiam vel augue. Vestibulum rutrum rutrum neque. Aenean auctor gravida sem.,ccanete6d@whitehouse.gov,729
1,231,"Curabitur in libero ut massa volutpat convallis. Morbi odio odio, elementum eu, interdum eu, tincidunt in, leo. Maecenas pulvinar lobortis est.",lmcturlough6e@about.com,730
5,232,Cras non velit nec nisi vulputate nonummy. Maecenas tincidunt lacus at velit. Vivamus vel nulla eget eros elementum pellentesque.,hyakubowicz6f@ifeng.com,731
5,233,Aenean lectus. Pellentesque eget nunc. Donec quis orci eget orci vehicula condimentum.,malford6g@merriam-webster.com,732
1,234,"Nam ultrices, libero non mattis pulvinar, nulla pede ullamcorper augue, a suscipit nulla elit ac nulla. Sed vel enim sit amet nunc viverra dapibus. Nulla suscipit ligula in lacus.",jdownage6h@photobucket.com,733
5,235,"Donec diam neque, vestibulum eget, vulputate ut, ultrices vel, augue. Vestibulum ante ipsum primis in faucibus orci luctus et ultrices posuere cubilia Curae; Donec pharetra, magna vestibulum aliquet ultrices, erat tortor sollicitudin mi, sit amet lobortis sapien sapien non mi. Integer ac neque.",ebrittan6i@arstechnica.com,734
2,236,"Curabitur gravida nisi at nibh. In hac habitasse platea dictumst. Aliquam augue quam, sollicitudin vitae, consectetuer eget, rutrum at, lorem.",sberetta6j@studiopress.com,735
4,237,"Duis bibendum, felis sed interdum venenatis, turpis enim blandit mi, in porttitor pede justo eu massa. Donec dapibus. Duis at velit eu est congue elementum.",ycarlisle6k@yahoo.co.jp,736
4,238,Fusce consequat. Nulla nisl. Nunc nisl.,hnickols6l@java.com,737
4,239,"Quisque id justo sit amet sapien dignissim vestibulum. Vestibulum ante ipsum primis in faucibus orci luctus et ultrices posuere cubilia Curae; Nulla dapibus dolor vel est. Donec odio justo, sollicitudin ut, suscipit a, feugiat et, eros.",icyson6m@marriott.com,738
4,240,Aliquam quis turpis eget elit sodales scelerisque. Mauris sit amet eros. Suspendisse accumsan tortor quis turpis.,tslateford6n@hud.gov,739
1,241,Integer tincidunt ante vel ipsum. Praesent blandit lacinia erat. Vestibulum sed magna at nunc commodo placerat.,svivien6o@scribd.com,740
5,242,"Morbi porttitor lorem id ligula. Suspendisse ornare consequat lectus. In est risus, auctor sed, tristique in, tempus sit amet, sem.",hgeertje6p@icio.us,741
1,243,Cras non velit nec nisi vulputate nonummy. Maecenas tincidunt lacus at velit. Vivamus vel nulla eget eros elementum pellentesque.,tsutherel6q@wiley.com,742
1,244,Sed ante. Vivamus tortor. Duis mattis egestas metus.,mhemeret6r@ezinearticles.com,743
1,245,Maecenas ut massa quis augue luctus tincidunt. Nulla mollis molestie lorem. Quisque ut erat.,hlowy6s@ebay.co.uk,744
5,246,"Proin interdum mauris non ligula pellentesque ultrices. Phasellus id sapien in sapien iaculis congue. Vivamus metus arcu, adipiscing molestie, hendrerit at, vulputate vitae, nisl.",mguerriero6t@shop-pro.jp,745
5,247,Duis consequat dui nec nisi volutpat eleifend. Donec ut dolor. Morbi vel lectus in quam fringilla rhoncus.,wbromfield6u@sitemeter.com,746
1,248,Integer ac leo. Pellentesque ultrices mattis odio. Donec vitae nisi.,dcocking6v@newsvine.com,747
2,249,Nulla ut erat id mauris vulputate elementum. Nullam varius. Nulla facilisi.,bdebernardi6w@biglobe.ne.jp,748
1,250,"Duis bibendum, felis sed interdum venenatis, turpis enim blandit mi, in porttitor pede justo eu massa. Donec dapibus. Duis at velit eu est congue elementum.",vhaddeston6x@harvard.edu,749
3,251,"Quisque id justo sit amet sapien dignissim vestibulum. Vestibulum ante ipsum primis in faucibus orci luctus et ultrices posuere cubilia Curae; Nulla dapibus dolor vel est. Donec odio justo, sollicitudin ut, suscipit a, feugiat et, eros.",bpermain6y@meetup.com,750
4,252,In congue. Etiam justo. Etiam pretium iaculis justo.,glouedey6z@chron.com,751
4,253,"Praesent blandit. Nam nulla. Integer pede justo, lacinia eget, tincidunt eget, tempus vel, pede.",jcooke70@goodreads.com,752
5,254,Phasellus in felis. Donec semper sapien a libero. Nam dui.,gpesselt71@so-net.ne.jp,753
5,255,"In sagittis dui vel nisl. Duis ac nibh. Fusce lacus purus, aliquet at, feugiat non, pretium quis, lectus.",gcomoletti72@boston.com,754
2,256,Phasellus in felis. Donec semper sapien a libero. Nam dui.,ssmorthwaite73@google.ca,755
3,257,"Curabitur gravida nisi at nibh. In hac habitasse platea dictumst. Aliquam augue quam, sollicitudin vitae, consectetuer eget, rutrum at, lorem.",vsincock74@wordpress.com,756
2,258,"Maecenas leo odio, condimentum id, luctus nec, molestie sed, justo. Pellentesque viverra pede ac diam. Cras pellentesque volutpat dui.",rmccomiskey75@pen.io,757
4,259,"Cras mi pede, malesuada in, imperdiet et, commodo vulputate, justo. In blandit ultrices enim. Lorem ipsum dolor sit amet, consectetuer adipiscing elit.",gplaskitt76@mapquest.com,758
2,260,"Lorem ipsum dolor sit amet, consectetuer adipiscing elit. Proin risus. Praesent lectus.",ebowle77@sciencedirect.com,759
3,261,"Curabitur in libero ut massa volutpat convallis. Morbi odio odio, elementum eu, interdum eu, tincidunt in, leo. Maecenas pulvinar lobortis est.",ecartmer78@army.mil,760
5,262,"Proin eu mi. Nulla ac enim. In tempor, turpis nec euismod scelerisque, quam turpis adipiscing lorem, vitae mattis nibh ligula nec sem.",parnout79@e-recht24.de,761
1,263,"Curabitur at ipsum ac tellus semper interdum. Mauris ullamcorper purus sit amet nulla. Quisque arcu libero, rutrum ac, lobortis vel, dapibus at, diam.",cbogges7a@bbc.co.uk,762
5,264,"Cras mi pede, malesuada in, imperdiet et, commodo vulputate, justo. In blandit ultrices enim. Lorem ipsum dolor sit amet, consectetuer adipiscing elit.",balliban7b@sphinn.com,763
1,265,"Proin interdum mauris non ligula pellentesque ultrices. Phasellus id sapien in sapien iaculis congue. Vivamus metus arcu, adipiscing molestie, hendrerit at, vulputate vitae, nisl.",esiviter7c@symantec.com,764
4,266,Aenean lectus. Pellentesque eget nunc. Donec quis orci eget orci vehicula condimentum.,lscrimshaw7d@answers.com,765
5,267,"Morbi non lectus. Aliquam sit amet diam in magna bibendum imperdiet. Nullam orci pede, venenatis non, sodales sed, tincidunt eu, felis.",wgwinnell7e@bloglines.com,766
3,268,"Curabitur at ipsum ac tellus semper interdum. Mauris ullamcorper purus sit amet nulla. Quisque arcu libero, rutrum ac, lobortis vel, dapibus at, diam.",apencost7f@biblegateway.com,767
1,269,Nullam sit amet turpis elementum ligula vehicula consequat. Morbi a ipsum. Integer a nibh.,nknotte7g@google.cn,768
3,270,Suspendisse potenti. In eleifend quam a odio. In hac habitasse platea dictumst.,ggillebride7h@godaddy.com,769
1,271,"Aenean fermentum. Donec ut mauris eget massa tempor convallis. Nulla neque libero, convallis eget, eleifend luctus, ultricies eu, nibh.",crawlyns7i@spotify.com,770
4,272,Duis consequat dui nec nisi volutpat eleifend. Donec ut dolor. Morbi vel lectus in quam fringilla rhoncus.,cbirk7j@geocities.jp,771
3,273,"Quisque id justo sit amet sapien dignissim vestibulum. Vestibulum ante ipsum primis in faucibus orci luctus et ultrices posuere cubilia Curae; Nulla dapibus dolor vel est. Donec odio justo, sollicitudin ut, suscipit a, feugiat et, eros.",mtarling7k@indiatimes.com,772
1,274,"Duis bibendum, felis sed interdum venenatis, turpis enim blandit mi, in porttitor pede justo eu massa. Donec dapibus. Duis at velit eu est congue elementum.",lbagster7l@w3.org,773
5,275,"In sagittis dui vel nisl. Duis ac nibh. Fusce lacus purus, aliquet at, feugiat non, pretium quis, lectus.",jandretti7m@go.com,774
1,276,Pellentesque at nulla. Suspendisse potenti. Cras in purus eu magna vulputate luctus.,wlemerle7n@ebay.com,775
5,277,"Curabitur gravida nisi at nibh. In hac habitasse platea dictumst. Aliquam augue quam, sollicitudin vitae, consectetuer eget, rutrum at, lorem.",dgogay7o@tiny.cc,776
4,278,"Quisque id justo sit amet sapien dignissim vestibulum. Vestibulum ante ipsum primis in faucibus orci luctus et ultrices posuere cubilia Curae; Nulla dapibus dolor vel est. Donec odio justo, sollicitudin ut, suscipit a, feugiat et, eros.",skeilloh7p@bloomberg.com,777
2,279,"Nam ultrices, libero non mattis pulvinar, nulla pede ullamcorper augue, a suscipit nulla elit ac nulla. Sed vel enim sit amet nunc viverra dapibus. Nulla suscipit ligula in lacus.",dskeats7q@cmu.edu,778
3,280,Etiam vel augue. Vestibulum rutrum rutrum neque. Aenean auctor gravida sem.,grecke7r@wikia.com,779
5,281,"Curabitur at ipsum ac tellus semper interdum. Mauris ullamcorper purus sit amet nulla. Quisque arcu libero, rutrum ac, lobortis vel, dapibus at, diam.",ddarco7s@mysql.com,780
4,282,Nullam sit amet turpis elementum ligula vehicula consequat. Morbi a ipsum. Integer a nibh.,vtonsley7t@fda.gov,781
5,283,"Sed sagittis. Nam congue, risus semper porta volutpat, quam pede lobortis ligula, sit amet eleifend pede libero quis orci. Nullam molestie nibh in lectus.",sdanahar7u@blogtalkradio.com,782
2,284,Duis bibendum. Morbi non quam nec dui luctus rutrum. Nulla tellus.,rvannuchi7v@paginegialle.it,783
5,285,Nulla ut erat id mauris vulputate elementum. Nullam varius. Nulla facilisi.,gsimenel7w@zdnet.com,784
4,286,"Cum sociis natoque penatibus et magnis dis parturient montes, nascetur ridiculus mus. Vivamus vestibulum sagittis sapien. Cum sociis natoque penatibus et magnis dis parturient montes, nascetur ridiculus mus.",rlivezey7x@rakuten.co.jp,785
4,287,"Morbi non lectus. Aliquam sit amet diam in magna bibendum imperdiet. Nullam orci pede, venenatis non, sodales sed, tincidunt eu, felis.",cjosefsson7y@skype.com,786
5,288,"Nam ultrices, libero non mattis pulvinar, nulla pede ullamcorper augue, a suscipit nulla elit ac nulla. Sed vel enim sit amet nunc viverra dapibus. Nulla suscipit ligula in lacus.",llamie7z@smugmug.com,787
2,289,"Maecenas tristique, est et tempus semper, est quam pharetra magna, ac consequat metus sapien ut nunc. Vestibulum ante ipsum primis in faucibus orci luctus et ultrices posuere cubilia Curae; Mauris viverra diam vitae quam. Suspendisse potenti.",cmaclaren80@instagram.com,788
4,290,"Lorem ipsum dolor sit amet, consectetuer adipiscing elit. Proin risus. Praesent lectus.",tmurphey81@homestead.com,789
1,291,"Nam ultrices, libero non mattis pulvinar, nulla pede ullamcorper augue, a suscipit nulla elit ac nulla. Sed vel enim sit amet nunc viverra dapibus. Nulla suscipit ligula in lacus.",drosenstiel82@fastcompany.com,790
5,292,Integer tincidunt ante vel ipsum. Praesent blandit lacinia erat. Vestibulum sed magna at nunc commodo placerat.,sdrohun83@youku.com,791
3,293,Fusce consequat. Nulla nisl. Nunc nisl.,alegerton84@godaddy.com,792
2,294,Duis bibendum. Morbi non quam nec dui luctus rutrum. Nulla tellus.,aselesnick85@hubpages.com,793
3,295,Fusce consequat. Nulla nisl. Nunc nisl.,mpipkin86@ustream.tv,794
3,296,"Aenean fermentum. Donec ut mauris eget massa tempor convallis. Nulla neque libero, convallis eget, eleifend luctus, ultricies eu, nibh.",dchatelain87@eepurl.com,795
4,297,"Morbi non lectus. Aliquam sit amet diam in magna bibendum imperdiet. Nullam orci pede, venenatis non, sodales sed, tincidunt eu, felis.",heilhart88@e-recht24.de,796
4,298,Fusce consequat. Nulla nisl. Nunc nisl.,lcrier89@geocities.com,797
5,299,"Vestibulum ac est lacinia nisi venenatis tristique. Fusce congue, diam id ornare imperdiet, sapien urna pretium nisl, ut volutpat sapien arcu sed augue. Aliquam erat volutpat.",cpaschek8a@amazonaws.com,798
4,300,Cras non velit nec nisi vulputate nonummy. Maecenas tincidunt lacus at velit. Vivamus vel nulla eget eros elementum pellentesque.,kdorant8b@plala.or.jp,799
4,301,"Curabitur in libero ut massa volutpat convallis. Morbi odio odio, elementum eu, interdum eu, tincidunt in, leo. Maecenas pulvinar lobortis est.",avolette8c@bravesites.com,800
5,302,Duis bibendum. Morbi non quam nec dui luctus rutrum. Nulla tellus.,dbeddie8d@bloglines.com,801
2,303,"Proin interdum mauris non ligula pellentesque ultrices. Phasellus id sapien in sapien iaculis congue. Vivamus metus arcu, adipiscing molestie, hendrerit at, vulputate vitae, nisl.",rwittey8e@constantcontact.com,802
4,304,Phasellus in felis. Donec semper sapien a libero. Nam dui.,rmoyse8f@pinterest.com,803
5,305,Cras non velit nec nisi vulputate nonummy. Maecenas tincidunt lacus at velit. Vivamus vel nulla eget eros elementum pellentesque.,ybatten8g@latimes.com,804
4,306,Pellentesque at nulla. Suspendisse potenti. Cras in purus eu magna vulputate luctus.,cwitard8h@nps.gov,805
1,307,"Quisque porta volutpat erat. Quisque erat eros, viverra eget, congue eget, semper rutrum, nulla. Nunc purus.",ijopling8i@hugedomains.com,806
2,308,Integer ac leo. Pellentesque ultrices mattis odio. Donec vitae nisi.,kpenburton8j@ning.com,807
1,309,"Curabitur in libero ut massa volutpat convallis. Morbi odio odio, elementum eu, interdum eu, tincidunt in, leo. Maecenas pulvinar lobortis est.",nginnelly8k@tuttocitta.it,808
1,310,"Curabitur at ipsum ac tellus semper interdum. Mauris ullamcorper purus sit amet nulla. Quisque arcu libero, rutrum ac, lobortis vel, dapibus at, diam.",cmcness8l@live.com,809
2,311,"Proin leo odio, porttitor id, consequat in, consequat ut, nulla. Sed accumsan felis. Ut at dolor quis odio consequat varius.",cgonoude8m@paginegialle.it,810
2,312,Phasellus in felis. Donec semper sapien a libero. Nam dui.,gburghill8n@jigsy.com,811
4,313,Cras non velit nec nisi vulputate nonummy. Maecenas tincidunt lacus at velit. Vivamus vel nulla eget eros elementum pellentesque.,rgrigg8o@cnet.com,812
4,314,"Curabitur at ipsum ac tellus semper interdum. Mauris ullamcorper purus sit amet nulla. Quisque arcu libero, rutrum ac, lobortis vel, dapibus at, diam.",kriccardi8p@cornell.edu,813
3,315,"Maecenas leo odio, condimentum id, luctus nec, molestie sed, justo. Pellentesque viverra pede ac diam. Cras pellentesque volutpat dui.",tandriuzzi8q@lulu.com,814
3,316,Fusce consequat. Nulla nisl. Nunc nisl.,iduplantier8r@flavors.me,815
5,317,Suspendisse potenti. In eleifend quam a odio. In hac habitasse platea dictumst.,deite8s@sphinn.com,816
3,318,Duis aliquam convallis nunc. Proin at turpis a pede posuere nonummy. Integer non velit.,dallsebrook8t@360.cn,817
4,319,Sed ante. Vivamus tortor. Duis mattis egestas metus.,aalbury8u@opera.com,818
1,320,Pellentesque at nulla. Suspendisse potenti. Cras in purus eu magna vulputate luctus.,lglanz8v@eepurl.com,819
3,321,"Morbi non lectus. Aliquam sit amet diam in magna bibendum imperdiet. Nullam orci pede, venenatis non, sodales sed, tincidunt eu, felis.",csprackling8w@cam.ac.uk,820
1,322,"Cum sociis natoque penatibus et magnis dis parturient montes, nascetur ridiculus mus. Vivamus vestibulum sagittis sapien. Cum sociis natoque penatibus et magnis dis parturient montes, nascetur ridiculus mus.",xseaborne8x@prlog.org,821
1,323,"Vestibulum quam sapien, varius ut, blandit non, interdum in, ante. Vestibulum ante ipsum primis in faucibus orci luctus et ultrices posuere cubilia Curae; Duis faucibus accumsan odio. Curabitur convallis.",lmartynov8y@163.com,822
4,324,"Nam ultrices, libero non mattis pulvinar, nulla pede ullamcorper augue, a suscipit nulla elit ac nulla. Sed vel enim sit amet nunc viverra dapibus. Nulla suscipit ligula in lacus.",udesmond8z@utexas.edu,823
5,325,Nullam sit amet turpis elementum ligula vehicula consequat. Morbi a ipsum. Integer a nibh.,bhewins90@cmu.edu,824
3,326,Nullam sit amet turpis elementum ligula vehicula consequat. Morbi a ipsum. Integer a nibh.,jcron91@creativecommons.org,825
3,327,"Curabitur gravida nisi at nibh. In hac habitasse platea dictumst. Aliquam augue quam, sollicitudin vitae, consectetuer eget, rutrum at, lorem.",sgledhall92@weather.com,826
1,328,In congue. Etiam justo. Etiam pretium iaculis justo.,gcanti93@posterous.com,827
2,329,"Proin eu mi. Nulla ac enim. In tempor, turpis nec euismod scelerisque, quam turpis adipiscing lorem, vitae mattis nibh ligula nec sem.",ratrill94@seesaa.net,828
2,330,Sed ante. Vivamus tortor. Duis mattis egestas metus.,pcornfoot95@imageshack.us,829
2,331,"Maecenas leo odio, condimentum id, luctus nec, molestie sed, justo. Pellentesque viverra pede ac diam. Cras pellentesque volutpat dui.",pyoule96@sfgate.com,830
4,332,Aliquam quis turpis eget elit sodales scelerisque. Mauris sit amet eros. Suspendisse accumsan tortor quis turpis.,alilburne97@github.io,831
3,333,"Curabitur gravida nisi at nibh. In hac habitasse platea dictumst. Aliquam augue quam, sollicitudin vitae, consectetuer eget, rutrum at, lorem.",csandercock98@mtv.com,832
4,334,"Lorem ipsum dolor sit amet, consectetuer adipiscing elit. Proin risus. Praesent lectus.",lrivenzon99@sakura.ne.jp,833
3,335,Phasellus sit amet erat. Nulla tempus. Vivamus in felis eu sapien cursus vestibulum.,kocarran9a@seattletimes.com,834
3,336,"Morbi porttitor lorem id ligula. Suspendisse ornare consequat lectus. In est risus, auctor sed, tristique in, tempus sit amet, sem.",jcariss9b@timesonline.co.uk,835
3,337,"Morbi porttitor lorem id ligula. Suspendisse ornare consequat lectus. In est risus, auctor sed, tristique in, tempus sit amet, sem.",spomfrey9c@zdnet.com,836
2,338,"Proin eu mi. Nulla ac enim. In tempor, turpis nec euismod scelerisque, quam turpis adipiscing lorem, vitae mattis nibh ligula nec sem.",lemanulsson9d@rediff.com,837
3,339,"Vestibulum ac est lacinia nisi venenatis tristique. Fusce congue, diam id ornare imperdiet, sapien urna pretium nisl, ut volutpat sapien arcu sed augue. Aliquam erat volutpat.",fportsmouth9e@disqus.com,838
4,340,Phasellus in felis. Donec semper sapien a libero. Nam dui.,mfishburn9f@hc360.com,839
5,341,"Quisque porta volutpat erat. Quisque erat eros, viverra eget, congue eget, semper rutrum, nulla. Nunc purus.",lchorlton9g@sitemeter.com,840
5,342,"Praesent blandit. Nam nulla. Integer pede justo, lacinia eget, tincidunt eget, tempus vel, pede.",rbarens9h@webeden.co.uk,841
3,343,"Vestibulum ac est lacinia nisi venenatis tristique. Fusce congue, diam id ornare imperdiet, sapien urna pretium nisl, ut volutpat sapien arcu sed augue. Aliquam erat volutpat.",lmatthews9i@dagondesign.com,842
4,344,Sed ante. Vivamus tortor. Duis mattis egestas metus.,jdoughtery9j@sciencedirect.com,843
2,345,Integer ac leo. Pellentesque ultrices mattis odio. Donec vitae nisi.,bsimonot9k@g.co,844
1,346,Aenean lectus. Pellentesque eget nunc. Donec quis orci eget orci vehicula condimentum.,rlaxston9l@myspace.com,845
4,347,Cras non velit nec nisi vulputate nonummy. Maecenas tincidunt lacus at velit. Vivamus vel nulla eget eros elementum pellentesque.,mmelbury9m@dot.gov,846
4,348,"Aenean fermentum. Donec ut mauris eget massa tempor convallis. Nulla neque libero, convallis eget, eleifend luctus, ultricies eu, nibh.",taris9n@constantcontact.com,847
5,349,"Aenean fermentum. Donec ut mauris eget massa tempor convallis. Nulla neque libero, convallis eget, eleifend luctus, ultricies eu, nibh.",lmontier9o@posterous.com,848
5,350,"Maecenas tristique, est et tempus semper, est quam pharetra magna, ac consequat metus sapien ut nunc. Vestibulum ante ipsum primis in faucibus orci luctus et ultrices posuere cubilia Curae; Mauris viverra diam vitae quam. Suspendisse potenti.",dsoutherton9p@narod.ru,849
1,351,Phasellus in felis. Donec semper sapien a libero. Nam dui.,cpiccop9q@who.int,850
4,352,"Aenean fermentum. Donec ut mauris eget massa tempor convallis. Nulla neque libero, convallis eget, eleifend luctus, ultricies eu, nibh.",mmckee9r@hhs.gov,851
3,353,"Duis bibendum, felis sed interdum venenatis, turpis enim blandit mi, in porttitor pede justo eu massa. Donec dapibus. Duis at velit eu est congue elementum.",mlynde9s@twitpic.com,852
5,354,"Maecenas leo odio, condimentum id, luctus nec, molestie sed, justo. Pellentesque viverra pede ac diam. Cras pellentesque volutpat dui.",jriach9t@so-net.ne.jp,853
3,355,Integer ac leo. Pellentesque ultrices mattis odio. Donec vitae nisi.,bcrepel9u@livejournal.com,854
4,356,Nulla ut erat id mauris vulputate elementum. Nullam varius. Nulla facilisi.,nelleton9v@shop-pro.jp,855
3,357,Phasellus sit amet erat. Nulla tempus. Vivamus in felis eu sapien cursus vestibulum.,gdanher9w@soundcloud.com,856
4,358,Phasellus sit amet erat. Nulla tempus. Vivamus in felis eu sapien cursus vestibulum.,bcharlon9x@house.gov,857
5,359,"Lorem ipsum dolor sit amet, consectetuer adipiscing elit. Proin risus. Praesent lectus.",epatis9y@wufoo.com,858
3,360,"Curabitur in libero ut massa volutpat convallis. Morbi odio odio, elementum eu, interdum eu, tincidunt in, leo. Maecenas pulvinar lobortis est.",mmaffei9z@histats.com,859
5,361,"Proin interdum mauris non ligula pellentesque ultrices. Phasellus id sapien in sapien iaculis congue. Vivamus metus arcu, adipiscing molestie, hendrerit at, vulputate vitae, nisl.",apawnsforda0@sohu.com,860
5,362,"Praesent blandit. Nam nulla. Integer pede justo, lacinia eget, tincidunt eget, tempus vel, pede.",wollcotta1@ask.com,861
3,363,"Curabitur gravida nisi at nibh. In hac habitasse platea dictumst. Aliquam augue quam, sollicitudin vitae, consectetuer eget, rutrum at, lorem.",rmcglaughna2@toplist.cz,862
2,364,"Proin interdum mauris non ligula pellentesque ultrices. Phasellus id sapien in sapien iaculis congue. Vivamus metus arcu, adipiscing molestie, hendrerit at, vulputate vitae, nisl.",abarkusa3@ezinearticles.com,863
4,365,"Quisque id justo sit amet sapien dignissim vestibulum. Vestibulum ante ipsum primis in faucibus orci luctus et ultrices posuere cubilia Curae; Nulla dapibus dolor vel est. Donec odio justo, sollicitudin ut, suscipit a, feugiat et, eros.",knoltea4@ftc.gov,864
1,366,Integer tincidunt ante vel ipsum. Praesent blandit lacinia erat. Vestibulum sed magna at nunc commodo placerat.,vizhaka5@livejournal.com,865
3,367,"Praesent blandit. Nam nulla. Integer pede justo, lacinia eget, tincidunt eget, tempus vel, pede.",jrobya6@seesaa.net,866
3,368,Pellentesque at nulla. Suspendisse potenti. Cras in purus eu magna vulputate luctus.,mbatterhama7@blinklist.com,867
2,369,Suspendisse potenti. In eleifend quam a odio. In hac habitasse platea dictumst.,bclarridgea8@disqus.com,868
5,370,Praesent id massa id nisl venenatis lacinia. Aenean sit amet justo. Morbi ut odio.,tbeadela9@istockphoto.com,869
3,371,"Cum sociis natoque penatibus et magnis dis parturient montes, nascetur ridiculus mus. Vivamus vestibulum sagittis sapien. Cum sociis natoque penatibus et magnis dis parturient montes, nascetur ridiculus mus.",mdelamaineaa@paginegialle.it,870
4,372,"Curabitur gravida nisi at nibh. In hac habitasse platea dictumst. Aliquam augue quam, sollicitudin vitae, consectetuer eget, rutrum at, lorem.",bbennoughab@nature.com,871
3,373,Suspendisse potenti. In eleifend quam a odio. In hac habitasse platea dictumst.,zlandrieuac@go.com,872
3,374,Nulla ut erat id mauris vulputate elementum. Nullam varius. Nulla facilisi.,llaurentinad@nasa.gov,873
1,375,Sed ante. Vivamus tortor. Duis mattis egestas metus.,lstendallae@sciencedaily.com,874
1,376,Aenean lectus. Pellentesque eget nunc. Donec quis orci eget orci vehicula condimentum.,rdeclerqaf@dyndns.org,875
1,377,"Donec diam neque, vestibulum eget, vulputate ut, ultrices vel, augue. Vestibulum ante ipsum primis in faucibus orci luctus et ultrices posuere cubilia Curae; Donec pharetra, magna vestibulum aliquet ultrices, erat tortor sollicitudin mi, sit amet lobortis sapien sapien non mi. Integer ac neque.",gvennag@networkadvertising.org,876
3,378,Aliquam quis turpis eget elit sodales scelerisque. Mauris sit amet eros. Suspendisse accumsan tortor quis turpis.,hsherbourneah@biblegateway.com,877
1,379,"In hac habitasse platea dictumst. Morbi vestibulum, velit id pretium iaculis, diam erat fermentum justo, nec condimentum neque sapien placerat ante. Nulla justo.",bhaydnai@rediff.com,878
1,380,Fusce consequat. Nulla nisl. Nunc nisl.,rhollingbyaj@spiegel.de,879
2,381,"Duis bibendum, felis sed interdum venenatis, turpis enim blandit mi, in porttitor pede justo eu massa. Donec dapibus. Duis at velit eu est congue elementum.",fnesterak@miitbeian.gov.cn,880
3,382,"Praesent blandit. Nam nulla. Integer pede justo, lacinia eget, tincidunt eget, tempus vel, pede.",ecringleal@mit.edu,881
5,383,"Duis bibendum, felis sed interdum venenatis, turpis enim blandit mi, in porttitor pede justo eu massa. Donec dapibus. Duis at velit eu est congue elementum.",focrevanam@usnews.com,882
3,384,"Curabitur in libero ut massa volutpat convallis. Morbi odio odio, elementum eu, interdum eu, tincidunt in, leo. Maecenas pulvinar lobortis est.",blehrianan@hc360.com,883
5,385,"Quisque porta volutpat erat. Quisque erat eros, viverra eget, congue eget, semper rutrum, nulla. Nunc purus.",rocrevanao@godaddy.com,884
1,386,"Morbi non lectus. Aliquam sit amet diam in magna bibendum imperdiet. Nullam orci pede, venenatis non, sodales sed, tincidunt eu, felis.",thallworthap@seattletimes.com,885
1,387,Nulla ut erat id mauris vulputate elementum. Nullam varius. Nulla facilisi.,cmckewaq@w3.org,886
5,388,"Mauris enim leo, rhoncus sed, vestibulum sit amet, cursus id, turpis. Integer aliquet, massa id lobortis convallis, tortor risus dapibus augue, vel accumsan tellus nisi eu orci. Mauris lacinia sapien quis libero.",hpoppingar@imdb.com,887
3,389,Cras non velit nec nisi vulputate nonummy. Maecenas tincidunt lacus at velit. Vivamus vel nulla eget eros elementum pellentesque.,hlaidelas@wikipedia.org,888
3,390,Integer ac leo. Pellentesque ultrices mattis odio. Donec vitae nisi.,edurantat@ucsd.edu,889
5,391,"In sagittis dui vel nisl. Duis ac nibh. Fusce lacus purus, aliquet at, feugiat non, pretium quis, lectus.",ebischofau@nps.gov,890
1,392,In hac habitasse platea dictumst. Etiam faucibus cursus urna. Ut tellus.,bgorvinav@indiegogo.com,891
1,393,Aliquam quis turpis eget elit sodales scelerisque. Mauris sit amet eros. Suspendisse accumsan tortor quis turpis.,jbendonaw@usnews.com,892
4,394,Pellentesque at nulla. Suspendisse potenti. Cras in purus eu magna vulputate luctus.,inewisax@ted.com,893
5,395,"Curabitur in libero ut massa volutpat convallis. Morbi odio odio, elementum eu, interdum eu, tincidunt in, leo. Maecenas pulvinar lobortis est.",hdunbletonay@youtube.com,894
1,396,Aenean lectus. Pellentesque eget nunc. Donec quis orci eget orci vehicula condimentum.,rmcinilityaz@pagesperso-orange.fr,895
2,397,"Morbi non lectus. Aliquam sit amet diam in magna bibendum imperdiet. Nullam orci pede, venenatis non, sodales sed, tincidunt eu, felis.",dmandrierb0@alexa.com,896
2,398,"Duis bibendum, felis sed interdum venenatis, turpis enim blandit mi, in porttitor pede justo eu massa. Donec dapibus. Duis at velit eu est congue elementum.",bmendesb1@wiley.com,897
4,399,"Aenean fermentum. Donec ut mauris eget massa tempor convallis. Nulla neque libero, convallis eget, eleifend luctus, ultricies eu, nibh.",sthickettb2@ucla.edu,898
3,400,Aenean lectus. Pellentesque eget nunc. Donec quis orci eget orci vehicula condimentum.,klittlerb3@liveinternet.ru,899
3,401,"Curabitur in libero ut massa volutpat convallis. Morbi odio odio, elementum eu, interdum eu, tincidunt in, leo. Maecenas pulvinar lobortis est.",mmacgiollab4@java.com,900
3,402,Nulla ut erat id mauris vulputate elementum. Nullam varius. Nulla facilisi.,xtissingtonb5@bbc.co.uk,901
4,403,"Nam ultrices, libero non mattis pulvinar, nulla pede ullamcorper augue, a suscipit nulla elit ac nulla. Sed vel enim sit amet nunc viverra dapibus. Nulla suscipit ligula in lacus.",jbefroyb6@answers.com,902
4,404,"Mauris enim leo, rhoncus sed, vestibulum sit amet, cursus id, turpis. Integer aliquet, massa id lobortis convallis, tortor risus dapibus augue, vel accumsan tellus nisi eu orci. Mauris lacinia sapien quis libero.",rpiccardb7@hud.gov,903
2,405,Nullam porttitor lacus at turpis. Donec posuere metus vitae ipsum. Aliquam non mauris.,wfultonb8@army.mil,904
5,406,In quis justo. Maecenas rhoncus aliquam lacus. Morbi quis tortor id nulla ultrices aliquet.,hfennb9@trellian.com,905
5,407,"Quisque id justo sit amet sapien dignissim vestibulum. Vestibulum ante ipsum primis in faucibus orci luctus et ultrices posuere cubilia Curae; Nulla dapibus dolor vel est. Donec odio justo, sollicitudin ut, suscipit a, feugiat et, eros.",jvanichkovba@psu.edu,906
5,408,"Morbi porttitor lorem id ligula. Suspendisse ornare consequat lectus. In est risus, auctor sed, tristique in, tempus sit amet, sem.",dbufferybb@ebay.com,907
5,409,Fusce consequat. Nulla nisl. Nunc nisl.,hgladebeckbc@mail.ru,908
3,410,Pellentesque at nulla. Suspendisse potenti. Cras in purus eu magna vulputate luctus.,tspunerbd@about.me,909
2,411,In hac habitasse platea dictumst. Etiam faucibus cursus urna. Ut tellus.,hleachmanbe@mapy.cz,910
5,412,Pellentesque at nulla. Suspendisse potenti. Cras in purus eu magna vulputate luctus.,dtellenbrookbf@com.com,911
5,413,Praesent id massa id nisl venenatis lacinia. Aenean sit amet justo. Morbi ut odio.,rcloakebg@mozilla.com,912
1,414,"Vestibulum quam sapien, varius ut, blandit non, interdum in, ante. Vestibulum ante ipsum primis in faucibus orci luctus et ultrices posuere cubilia Curae; Duis faucibus accumsan odio. Curabitur convallis.",jwroughtbh@typepad.com,913
2,415,Sed ante. Vivamus tortor. Duis mattis egestas metus.,hautybi@sun.com,914
3,416,"Fusce posuere felis sed lacus. Morbi sem mauris, laoreet ut, rhoncus aliquet, pulvinar sed, nisl. Nunc rhoncus dui vel sem.",cbrittianbj@lulu.com,915
3,417,"Morbi non lectus. Aliquam sit amet diam in magna bibendum imperdiet. Nullam orci pede, venenatis non, sodales sed, tincidunt eu, felis.",ipizzeybk@chicagotribune.com,916
4,418,"Mauris enim leo, rhoncus sed, vestibulum sit amet, cursus id, turpis. Integer aliquet, massa id lobortis convallis, tortor risus dapibus augue, vel accumsan tellus nisi eu orci. Mauris lacinia sapien quis libero.",mellingworthbl@smh.com.au,917
4,419,"Nam ultrices, libero non mattis pulvinar, nulla pede ullamcorper augue, a suscipit nulla elit ac nulla. Sed vel enim sit amet nunc viverra dapibus. Nulla suscipit ligula in lacus.",rwemmbm@cloudflare.com,918
3,420,"Morbi porttitor lorem id ligula. Suspendisse ornare consequat lectus. In est risus, auctor sed, tristique in, tempus sit amet, sem.",zsommerfeldbn@japanpost.jp,919
2,421,"Proin interdum mauris non ligula pellentesque ultrices. Phasellus id sapien in sapien iaculis congue. Vivamus metus arcu, adipiscing molestie, hendrerit at, vulputate vitae, nisl.",cpestorbo@sciencedaily.com,920
5,422,In congue. Etiam justo. Etiam pretium iaculis justo.,sshinebp@ftc.gov,921
5,423,Etiam vel augue. Vestibulum rutrum rutrum neque. Aenean auctor gravida sem.,astrevensbq@unicef.org,922
1,424,Phasellus in felis. Donec semper sapien a libero. Nam dui.,hburnappbr@taobao.com,923
2,425,Duis consequat dui nec nisi volutpat eleifend. Donec ut dolor. Morbi vel lectus in quam fringilla rhoncus.,mseiterbs@wikimedia.org,924
5,426,"Vestibulum quam sapien, varius ut, blandit non, interdum in, ante. Vestibulum ante ipsum primis in faucibus orci luctus et ultrices posuere cubilia Curae; Duis faucibus accumsan odio. Curabitur convallis.",bbelfragebt@facebook.com,925
4,427,"Maecenas leo odio, condimentum id, luctus nec, molestie sed, justo. Pellentesque viverra pede ac diam. Cras pellentesque volutpat dui.",kfilochovbu@bluehost.com,926
2,428,Fusce consequat. Nulla nisl. Nunc nisl.,coldingbv@exblog.jp,927
3,429,"In hac habitasse platea dictumst. Morbi vestibulum, velit id pretium iaculis, diam erat fermentum justo, nec condimentum neque sapien placerat ante. Nulla justo.",kjervoisbw@ucoz.com,928
4,430,Duis aliquam convallis nunc. Proin at turpis a pede posuere nonummy. Integer non velit.,kdyterbx@timesonline.co.uk,929
3,431,"Curabitur at ipsum ac tellus semper interdum. Mauris ullamcorper purus sit amet nulla. Quisque arcu libero, rutrum ac, lobortis vel, dapibus at, diam.",ccolumby@timesonline.co.uk,930
4,432,"Proin leo odio, porttitor id, consequat in, consequat ut, nulla. Sed accumsan felis. Ut at dolor quis odio consequat varius.",gluisettibz@goo.gl,931
1,433,"Nam ultrices, libero non mattis pulvinar, nulla pede ullamcorper augue, a suscipit nulla elit ac nulla. Sed vel enim sit amet nunc viverra dapibus. Nulla suscipit ligula in lacus.",rthompsettc0@deviantart.com,932
5,434,"Maecenas tristique, est et tempus semper, est quam pharetra magna, ac consequat metus sapien ut nunc. Vestibulum ante ipsum primis in faucibus orci luctus et ultrices posuere cubilia Curae; Mauris viverra diam vitae quam. Suspendisse potenti.",asheehanc1@parallels.com,933
5,435,"Mauris enim leo, rhoncus sed, vestibulum sit amet, cursus id, turpis. Integer aliquet, massa id lobortis convallis, tortor risus dapibus augue, vel accumsan tellus nisi eu orci. Mauris lacinia sapien quis libero.",hgonneauc2@businessinsider.com,934
4,436,Nullam sit amet turpis elementum ligula vehicula consequat. Morbi a ipsum. Integer a nibh.,sbaltzarc3@va.gov,935
3,437,In hac habitasse platea dictumst. Etiam faucibus cursus urna. Ut tellus.,pkrysiakc4@ucla.edu,936
3,438,"Proin eu mi. Nulla ac enim. In tempor, turpis nec euismod scelerisque, quam turpis adipiscing lorem, vitae mattis nibh ligula nec sem.",aweetchc5@g.co,937
1,439,"Morbi porttitor lorem id ligula. Suspendisse ornare consequat lectus. In est risus, auctor sed, tristique in, tempus sit amet, sem.",cdownagec6@mapquest.com,938
3,440,Phasellus in felis. Donec semper sapien a libero. Nam dui.,hpopescuc7@biglobe.ne.jp,939
2,441,"Duis bibendum, felis sed interdum venenatis, turpis enim blandit mi, in porttitor pede justo eu massa. Donec dapibus. Duis at velit eu est congue elementum.",dhowlerc8@archive.org,940
4,442,"Proin eu mi. Nulla ac enim. In tempor, turpis nec euismod scelerisque, quam turpis adipiscing lorem, vitae mattis nibh ligula nec sem.",dloosemorec9@unblog.fr,941
4,443,"Vestibulum ac est lacinia nisi venenatis tristique. Fusce congue, diam id ornare imperdiet, sapien urna pretium nisl, ut volutpat sapien arcu sed augue. Aliquam erat volutpat.",lwahnerca@cnn.com,942
3,444,"Quisque porta volutpat erat. Quisque erat eros, viverra eget, congue eget, semper rutrum, nulla. Nunc purus.",wbaudinellicb@dailymotion.com,943
4,445,Praesent id massa id nisl venenatis lacinia. Aenean sit amet justo. Morbi ut odio.,ekennealycc@state.gov,944
2,446,"Vestibulum quam sapien, varius ut, blandit non, interdum in, ante. Vestibulum ante ipsum primis in faucibus orci luctus et ultrices posuere cubilia Curae; Duis faucibus accumsan odio. Curabitur convallis.",csnookcd@goodreads.com,945
5,447,"Vestibulum ac est lacinia nisi venenatis tristique. Fusce congue, diam id ornare imperdiet, sapien urna pretium nisl, ut volutpat sapien arcu sed augue. Aliquam erat volutpat.",beassebyce@shutterfly.com,946
4,448,"Cras mi pede, malesuada in, imperdiet et, commodo vulputate, justo. In blandit ultrices enim. Lorem ipsum dolor sit amet, consectetuer adipiscing elit.",kthornbercf@free.fr,947
1,449,Integer ac leo. Pellentesque ultrices mattis odio. Donec vitae nisi.,mpodscg@1und1.de,948
5,450,In hac habitasse platea dictumst. Etiam faucibus cursus urna. Ut tellus.,nbedowch@tripod.com,949
3,451,"Vestibulum quam sapien, varius ut, blandit non, interdum in, ante. Vestibulum ante ipsum primis in faucibus orci luctus et ultrices posuere cubilia Curae; Duis faucibus accumsan odio. Curabitur convallis.",uczyzci@un.org,950
5,452,"Vestibulum quam sapien, varius ut, blandit non, interdum in, ante. Vestibulum ante ipsum primis in faucibus orci luctus et ultrices posuere cubilia Curae; Duis faucibus accumsan odio. Curabitur convallis.",jkenwellcj@zdnet.com,951
5,453,"Sed sagittis. Nam congue, risus semper porta volutpat, quam pede lobortis ligula, sit amet eleifend pede libero quis orci. Nullam molestie nibh in lectus.",tandreuccick@qq.com,952
4,454,Integer tincidunt ante vel ipsum. Praesent blandit lacinia erat. Vestibulum sed magna at nunc commodo placerat.,aocanavancl@list-manage.com,953
3,455,In quis justo. Maecenas rhoncus aliquam lacus. Morbi quis tortor id nulla ultrices aliquet.,abuxamcm@geocities.jp,954
2,456,Aliquam quis turpis eget elit sodales scelerisque. Mauris sit amet eros. Suspendisse accumsan tortor quis turpis.,sdjokoviccn@cargocollective.com,955
4,457,"Cras mi pede, malesuada in, imperdiet et, commodo vulputate, justo. In blandit ultrices enim. Lorem ipsum dolor sit amet, consectetuer adipiscing elit.",sbrettonerco@ovh.net,956
5,458,"Quisque id justo sit amet sapien dignissim vestibulum. Vestibulum ante ipsum primis in faucibus orci luctus et ultrices posuere cubilia Curae; Nulla dapibus dolor vel est. Donec odio justo, sollicitudin ut, suscipit a, feugiat et, eros.",khowiecp@blogger.com,957
2,459,Duis consequat dui nec nisi volutpat eleifend. Donec ut dolor. Morbi vel lectus in quam fringilla rhoncus.,dwhyecq@nymag.com,958
3,460,Cras non velit nec nisi vulputate nonummy. Maecenas tincidunt lacus at velit. Vivamus vel nulla eget eros elementum pellentesque.,bgiacobillocr@scientificamerican.com,959
5,461,"Praesent blandit. Nam nulla. Integer pede justo, lacinia eget, tincidunt eget, tempus vel, pede.",lbrollycs@skype.com,960
2,462,"Quisque id justo sit amet sapien dignissim vestibulum. Vestibulum ante ipsum primis in faucibus orci luctus et ultrices posuere cubilia Curae; Nulla dapibus dolor vel est. Donec odio justo, sollicitudin ut, suscipit a, feugiat et, eros.",jfranzettict@sciencedaily.com,961
2,463,Pellentesque at nulla. Suspendisse potenti. Cras in purus eu magna vulputate luctus.,byvenscu@amazonaws.com,962
3,464,Integer ac leo. Pellentesque ultrices mattis odio. Donec vitae nisi.,imcewancv@mayoclinic.com,963
4,465,In congue. Etiam justo. Etiam pretium iaculis justo.,mswanboroughcw@phpbb.com,964
5,466,"Vestibulum quam sapien, varius ut, blandit non, interdum in, ante. Vestibulum ante ipsum primis in faucibus orci luctus et ultrices posuere cubilia Curae; Duis faucibus accumsan odio. Curabitur convallis.",kbrettellecx@taobao.com,965
5,467,"Donec diam neque, vestibulum eget, vulputate ut, ultrices vel, augue. Vestibulum ante ipsum primis in faucibus orci luctus et ultrices posuere cubilia Curae; Donec pharetra, magna vestibulum aliquet ultrices, erat tortor sollicitudin mi, sit amet lobortis sapien sapien non mi. Integer ac neque.",tadneycy@walmart.com,966
3,468,"Nam ultrices, libero non mattis pulvinar, nulla pede ullamcorper augue, a suscipit nulla elit ac nulla. Sed vel enim sit amet nunc viverra dapibus. Nulla suscipit ligula in lacus.",reedecz@1und1.de,967
1,469,Fusce consequat. Nulla nisl. Nunc nisl.,clandd0@cloudflare.com,968
3,470,"Praesent blandit. Nam nulla. Integer pede justo, lacinia eget, tincidunt eget, tempus vel, pede.",dkattd1@list-manage.com,969
1,471,"Vestibulum quam sapien, varius ut, blandit non, interdum in, ante. Vestibulum ante ipsum primis in faucibus orci luctus et ultrices posuere cubilia Curae; Duis faucibus accumsan odio. Curabitur convallis.",rbengoughd2@nba.com,970
1,472,"Proin eu mi. Nulla ac enim. In tempor, turpis nec euismod scelerisque, quam turpis adipiscing lorem, vitae mattis nibh ligula nec sem.",gavramowd3@apple.com,971
2,473,Phasellus sit amet erat. Nulla tempus. Vivamus in felis eu sapien cursus vestibulum.,ncleend4@thetimes.co.uk,972
3,474,"Maecenas leo odio, condimentum id, luctus nec, molestie sed, justo. Pellentesque viverra pede ac diam. Cras pellentesque volutpat dui.",rheldd5@github.io,973
3,475,"Proin eu mi. Nulla ac enim. In tempor, turpis nec euismod scelerisque, quam turpis adipiscing lorem, vitae mattis nibh ligula nec sem.",lpelerind6@rambler.ru,974
2,476,Cras non velit nec nisi vulputate nonummy. Maecenas tincidunt lacus at velit. Vivamus vel nulla eget eros elementum pellentesque.,lmciverd7@auda.org.au,975
2,477,Integer ac leo. Pellentesque ultrices mattis odio. Donec vitae nisi.,htivenand8@clickbank.net,976
5,478,Cras non velit nec nisi vulputate nonummy. Maecenas tincidunt lacus at velit. Vivamus vel nulla eget eros elementum pellentesque.,lcorred9@is.gd,977
5,479,"Vestibulum quam sapien, varius ut, blandit non, interdum in, ante. Vestibulum ante ipsum primis in faucibus orci luctus et ultrices posuere cubilia Curae; Duis faucibus accumsan odio. Curabitur convallis.",svibertda@domainmarket.com,978
3,480,Phasellus in felis. Donec semper sapien a libero. Nam dui.,spoundsforddb@rediff.com,979
3,481,"Duis bibendum, felis sed interdum venenatis, turpis enim blandit mi, in porttitor pede justo eu massa. Donec dapibus. Duis at velit eu est congue elementum.",mcaurahdc@mayoclinic.com,980
3,482,"Aenean fermentum. Donec ut mauris eget massa tempor convallis. Nulla neque libero, convallis eget, eleifend luctus, ultricies eu, nibh.",jskinleydd@sitemeter.com,981
4,483,"Curabitur at ipsum ac tellus semper interdum. Mauris ullamcorper purus sit amet nulla. Quisque arcu libero, rutrum ac, lobortis vel, dapibus at, diam.",wwrittlede@themeforest.net,982
4,484,In congue. Etiam justo. Etiam pretium iaculis justo.,scheccuzzidf@altervista.org,983
2,485,Suspendisse potenti. In eleifend quam a odio. In hac habitasse platea dictumst.,bcaughtdg@vistaprint.com,984
2,486,Praesent id massa id nisl venenatis lacinia. Aenean sit amet justo. Morbi ut odio.,cworleydh@senate.gov,985
3,487,Phasellus sit amet erat. Nulla tempus. Vivamus in felis eu sapien cursus vestibulum.,jhartigandi@arstechnica.com,986
1,488,Etiam vel augue. Vestibulum rutrum rutrum neque. Aenean auctor gravida sem.,wposendj@stumbleupon.com,987
3,489,"Proin eu mi. Nulla ac enim. In tempor, turpis nec euismod scelerisque, quam turpis adipiscing lorem, vitae mattis nibh ligula nec sem.",ashapcottdk@artisteer.com,988
1,490,"Vestibulum quam sapien, varius ut, blandit non, interdum in, ante. Vestibulum ante ipsum primis in faucibus orci luctus et ultrices posuere cubilia Curae; Duis faucibus accumsan odio. Curabitur convallis.",kchildrensdl@addthis.com,989
2,491,"Curabitur at ipsum ac tellus semper interdum. Mauris ullamcorper purus sit amet nulla. Quisque arcu libero, rutrum ac, lobortis vel, dapibus at, diam.",wsummerbelldm@cyberchimps.com,990
5,492,"Morbi porttitor lorem id ligula. Suspendisse ornare consequat lectus. In est risus, auctor sed, tristique in, tempus sit amet, sem.",swoolstondn@booking.com,991
4,493,Nulla ut erat id mauris vulputate elementum. Nullam varius. Nulla facilisi.,ssertindo@vistaprint.com,992
1,494,Cras non velit nec nisi vulputate nonummy. Maecenas tincidunt lacus at velit. Vivamus vel nulla eget eros elementum pellentesque.,jbrightydp@oakley.com,993
4,495,Duis consequat dui nec nisi volutpat eleifend. Donec ut dolor. Morbi vel lectus in quam fringilla rhoncus.,ritzhaiekdq@lulu.com,994
1,496,"Lorem ipsum dolor sit amet, consectetuer adipiscing elit. Proin risus. Praesent lectus.",smanjindr@sciencedaily.com,995
2,497,Aliquam quis turpis eget elit sodales scelerisque. Mauris sit amet eros. Suspendisse accumsan tortor quis turpis.,klemmonds@posterous.com,996
4,498,"Curabitur gravida nisi at nibh. In hac habitasse platea dictumst. Aliquam augue quam, sollicitudin vitae, consectetuer eget, rutrum at, lorem.",nhardwidgedt@yahoo.co.jp,997
5,499,"Morbi non lectus. Aliquam sit amet diam in magna bibendum imperdiet. Nullam orci pede, venenatis non, sodales sed, tincidunt eu, felis.",jdensondu@merriam-webster.com,998
1,500,"Proin leo odio, porttitor id, consequat in, consequat ut, nulla. Sed accumsan felis. Ut at dolor quis odio consequat varius.",cgumbrelldv@sohu.com,999