Storefront_ID ,Restaurant_Name,Status,OrderMilestones,Location,email
1,Ventosanzap,Closed,Gold,499 Graedel Drive,rberresford0@vimeo.com
2,Keylex,Open,Bronze,30307 Kinsman Road,edelmage1@usa.gov
3,Fix San,Open,Gold,99998 Hintze Junction,lmehmet2@hatena.ne.jp
4,Lotlux,Closed,Gold,25 Lakewood Gardens Plaza,deuler3@blinklist.com
5,It,Open,Silver,4 Marcy Point,sgrgic4@rambler.ru
6,Gembucket,Open,Silver,304 Gulseth Pass,afishlee5@cnn.com
7,Alphazap,Closed,Silver,693 Fairview Parkway,itixall6@furl.net
8,Stronghold,Open,Gold,17846 Nova Avenue,nstannas7@51.la
9,Zaam-Dox,Open,Bronze,29 Bartillon Trail,lemanuele8@github.io
10,Matsoft,Closed,Bronze,59813 Vera Road,econkey9@rediff.com
11,Alpha,Open,Bronze,416 Express Crossing,dbillinga@bbb.org
12,Wrapsafe,Open,Gold,1689 Packers Center,tlangtryb@accuweather.com
13,Greenlam,Open,Gold,6031 Tennessee Drive,hmurfettc@harvard.edu
14,Asoka,Open,Gold,104 Dwight Avenue,hbubeard@geocities.com
15,Lotlux,Open,Silver,31615 Vahlen Park,mnisee@storify.com
16,Tin,Open,Platinum,62 Moland Center,dtunbridgef@dyndns.org
17,Prodder,Closed,Silver,6 Hoepker Terrace,cwestpfelg@google.co.uk
18,Fixflex,Open,Silver,43334 Union Way,mhardistryh@ftc.gov
19,Greenlam,Closed,Platinum,3 Butterfield Circle,bgamagei@berkeley.edu
20,Namfix,Closed,Platinum,77 Dixon Terrace,gledrunj@amazon.com
21,Rank,Closed,Platinum,59 Clyde Gallagher Place,lvalesk@jigsy.com
22,Biodex,Closed,Gold,776 Buell Hill,igathercoall@posterous.com
23,Transcof,Closed,Gold,63 Sutherland Point,rbeersm@trellian.com
24,Pannier,Closed,Bronze,35687 Petterle Lane,cmulmurayn@narod.ru
25,Matsoft,Closed,Gold,6 Lerdahl Trail,tarnaezo@t-online.de
26,Voyatouch,Open,Platinum,64764 Golf View Circle,mdomsallap@booking.com
27,Alphazap,Open,Bronze,3 Roxbury Crossing,mmiddlebrookq@mapy.cz
28,Flowdesk,Closed,Bronze,98370 Crescent Oaks Parkway,lholdworthr@washingtonpost.com
29,Bytecard,Open,Silver,186 Carioca Lane,tantonovics@huffingtonpost.com
30,Stim,Open,Gold,137 8th Lane,etuleyt@eepurl.com
31,Tin,Open,Bronze,8963 Fulton Crossing,gtuffellu@guardian.co.uk
32,Tresom,Open,Bronze,7126 Meadow Vale Terrace,vmursellv@webnode.com
33,Aerified,Closed,Silver,31 Prairie Rose Point,bgavew@irs.gov
34,Y-find,Open,Bronze,3 3rd Park,nconerdingx@rediff.com
35,Voltsillam,Closed,Platinum,5 Sunfield Avenue,cthirlwally@pcworld.com
36,Duobam,Open,Bronze,960 Trailsway Trail,agisbyez@dot.gov
37,Pannier,Closed,Platinum,28192 Becker Pass,idomoni10@hp.com
38,Fixflex,Closed,Bronze,0474 Eagle Crest Junction,tglison11@wufoo.com
39,Vagram,Closed,Gold,105 Prairie Rose Road,krippen12@blogs.com
40,Span,Open,Bronze,13 Ramsey Trail,ksale13@sohu.com
41,Trippledex,Closed,Silver,3319 Springview Avenue,dbreen14@comsenz.com
42,Bitwolf,Open,Silver,7302 Crowley Crossing,bchardin15@theguardian.com
43,Prodder,Open,Silver,6429 Wayridge Drive,rdobbinson16@yahoo.com
44,Fixflex,Open,Gold,6400 Truax Center,bdoblin17@army.mil
45,Regrant,Open,Silver,38 Ridgeway Point,lbootell18@ucla.edu
46,Sub-Ex,Closed,Bronze,56 Ryan Center,rhayen19@zdnet.com
47,Matsoft,Open,Silver,007 Buena Vista Pass,dprewer1a@msn.com
48,Keylex,Closed,Gold,7 Hoepker Circle,tderwin1b@google.com.au
49,Bitchip,Closed,Platinum,89764 Coleman Avenue,slaughren1c@google.cn
50,Cardguard,Closed,Platinum,662 Ohio Lane,lthorbon1d@1688.com
51,Job,Closed,Platinum,0834 Bobwhite Alley,ebawme1e@baidu.com
52,Holdlamis,Open,Platinum,56 Jackson Lane,dlewsy1f@wikipedia.org
53,Zamit,Closed,Gold,03094 American Road,nmcbride1g@dell.com
54,Mat Lam Tam,Closed,Silver,83157 Northport Avenue,nsail1h@privacy.gov.au
55,Konklab,Closed,Bronze,2817 Becker Way,tscogin1i@devhub.com
56,Span,Closed,Gold,1182 7th Court,uwillars1j@mozilla.com
57,Veribet,Open,Platinum,0 3rd Alley,akibbye1k@youtube.com
58,Otcom,Open,Platinum,357 Warbler Park,htapin1l@prnewswire.com
59,Sub-Ex,Open,Platinum,1 Butternut Court,blinskey1m@blogtalkradio.com
60,Bigtax,Closed,Silver,54 Darwin Lane,gkingh1n@goo.ne.jp
61,Job,Open,Silver,4647 Jenna Junction,eoduggan1o@miitbeian.gov.cn
62,Sonsing,Closed,Platinum,810 Waxwing Drive,kchillistone1p@google.nl
63,Voyatouch,Closed,Platinum,8 Armistice Alley,fstaziker1q@vkontakte.ru
64,Sub-Ex,Closed,Bronze,9107 Basil Circle,ahowells1r@umn.edu
65,Flowdesk,Open,Gold,8856 Eastlawn Center,tsyvret1s@weibo.com
66,Y-Solowarm,Closed,Gold,3 Milwaukee Alley,snatalie1t@auda.org.au
67,Tresom,Open,Bronze,11 Hermina Way,ccarl1u@youku.com
68,Sonair,Open,Gold,2 Daystar Junction,jbilston1v@arstechnica.com
69,Ronstring,Open,Bronze,681 Goodland Hill,mligerton1w@gov.uk
70,Namfix,Closed,Silver,9 Pond Place,choldforth1x@google.com.au
71,Zaam-Dox,Open,Platinum,23 Melody Plaza,bcarse1y@issuu.com
72,Andalax,Closed,Platinum,1 Drewry Street,crusbridge1z@jigsy.com
73,Subin,Closed,Platinum,30741 Armistice Junction,ajacomb20@hc360.com
74,Bytecard,Open,Bronze,95 Kipling Avenue,dkernes21@comcast.net
75,Bamity,Closed,Silver,63931 American Crossing,bdeppe22@godaddy.com
76,Bigtax,Open,Silver,7 Eagan Point,aupshall23@blog.com
77,Hatity,Open,Gold,7 Milwaukee Terrace,ddeme24@blogtalkradio.com
78,Bigtax,Open,Silver,77330 4th Alley,smaclese25@bizjournals.com
79,It,Closed,Silver,8451 Columbus Park,jkhomishin26@flickr.com
80,Fixflex,Closed,Silver,177 Pennsylvania Circle,bcapron27@deviantart.com
81,Pannier,Closed,Bronze,9 Chive Street,bhillaby28@sbwire.com
82,Tres-Zap,Open,Gold,6 Merry Crossing,uborsay29@aboutads.info
83,Tresom,Closed,Bronze,137 Chive Pass,seames2a@printfriendly.com
84,Bigtax,Open,Bronze,8 Continental Junction,gyerbury2b@ocn.ne.jp
85,Veribet,Closed,Silver,206 Northridge Point,sloader2c@shop-pro.jp
86,Lotstring,Closed,Silver,5322 Ridgeway Avenue,jropkes2d@imgur.com
87,Domainer,Open,Bronze,67 Utah Court,mstapells2e@360.cn
88,Regrant,Open,Gold,47104 Milwaukee Plaza,lwillstrop2f@github.io
89,Kanlam,Closed,Silver,3528 Pawling Way,pjacquemot2g@theatlantic.com
90,Duobam,Closed,Bronze,3 Crownhardt Place,hfeavearyear2h@tamu.edu
91,Zoolab,Closed,Silver,036 Sycamore Avenue,dcrichten2i@paginegialle.it
92,Quo Lux,Open,Platinum,8649 Redwing Lane,cfendley2j@hatena.ne.jp
93,Subin,Closed,Bronze,813 Clove Plaza,ibiggen2k@youku.com
94,Bamity,Open,Silver,40867 Veith Terrace,eshyre2l@google.fr
95,Fintone,Open,Gold,01 Stuart Plaza,vciardo2m@tinyurl.com
96,Bamity,Closed,Gold,3 South Lane,kluxon2n@edublogs.org
97,Home Ing,Closed,Bronze,8 Gulseth Circle,voty2o@europa.eu
98,Latlux,Open,Bronze,1758 Continental Drive,darlt2p@ameblo.jp
99,Namfix,Closed,Bronze,4 Hansons Parkway,knorcott2q@umn.edu
100,Overhold,Closed,Gold,147 1st Center,helton2r@skyrock.com
101,Subin,Open,Gold,7086 Bartillon Street,mcopello2s@studiopress.com
102,Stim,Closed,Silver,99 Atwood Plaza,rpetrovykh2t@nih.gov
103,Rank,Closed,Bronze,6174 Shoshone Road,blegg2u@virginia.edu
104,Flexidy,Open,Bronze,0 Sherman Hill,bcabral2v@wunderground.com
105,Viva,Closed,Silver,5 Northview Pass,jiddenden2w@hatena.ne.jp
106,It,Closed,Silver,78350 Rigney Center,mmilburne2x@rediff.com
107,Ventosanzap,Closed,Bronze,043 Dryden Park,cparfett2y@elpais.com
108,Otcom,Closed,Platinum,2 Troy Alley,amcevoy2z@samsung.com
109,Andalax,Closed,Gold,44 Browning Junction,dcovendon30@e-recht24.de
110,Otcom,Open,Bronze,84645 Harbort Plaza,tadenet31@wikia.com
111,Subin,Closed,Gold,88778 Grim Street,ioselton32@oracle.com
112,Zaam-Dox,Closed,Platinum,3 Magdeline Court,alacroutz33@tamu.edu
113,Hatity,Closed,Platinum,93428 Manley Circle,dnewling34@usgs.gov
114,Holdlamis,Open,Gold,43137 Vahlen Plaza,lboas35@bloglines.com
115,Latlux,Closed,Gold,2448 Clyde Gallagher Hill,jmugleston36@noaa.gov
116,Y-find,Closed,Silver,6 Burrows Alley,tphilippault37@ucsd.edu
117,Ronstring,Closed,Platinum,55 Farmco Avenue,olammenga38@arizona.edu
118,Tin,Open,Bronze,237 Fulton Lane,hpien39@hatena.ne.jp
119,Opela,Closed,Gold,6 Bowman Circle,awild3a@china.com.cn
120,Cardify,Open,Silver,4590 South Terrace,asutheran3b@webnode.com
121,Otcom,Open,Gold,5714 Sycamore Road,dsheeran3c@bravesites.com
122,Ventosanzap,Open,Silver,6 Village Green Point,gchatten3d@51.la
123,Tresom,Open,Platinum,31857 Forest Dale Crossing,zmasi3e@hud.gov
124,Zaam-Dox,Open,Silver,95 Express Court,cfleischmann3f@home.pl
125,Vagram,Open,Platinum,631 Coolidge Alley,iepilet3g@webnode.com
126,Sonair,Open,Gold,53 Delladonna Terrace,gbiggerdike3h@army.mil
127,Flexidy,Closed,Gold,3 Meadow Valley Parkway,mbridie3i@disqus.com
128,Rank,Open,Bronze,7080 Portage Alley,wscandrett3j@instagram.com
129,Subin,Open,Silver,41928 Sundown Junction,sjoron3k@addtoany.com
130,Bamity,Closed,Bronze,633 Sunnyside Place,cstuddal3l@admin.ch
131,Namfix,Open,Silver,658 Ohio Place,faxby3m@sfgate.com
132,Zaam-Dox,Closed,Silver,49277 Maple Wood Alley,lgilfoyle3n@shareasale.com
133,Viva,Open,Silver,13577 Comanche Pass,cgrout3o@tinypic.com
134,Tresom,Open,Gold,024 Division Place,nnock3p@pcworld.com
135,Bigtax,Open,Gold,772 Goodland Avenue,eblewett3q@bandcamp.com
136,Matsoft,Open,Silver,44564 Waywood Center,jbaddeley3r@bloomberg.com
137,Redhold,Open,Bronze,80 Karstens Place,cperon3s@oaic.gov.au
138,Holdlamis,Closed,Platinum,18490 Clemons Park,jlanda3t@miibeian.gov.cn
139,Sub-Ex,Closed,Silver,8252 Novick Crossing,mmccart3u@usnews.com
140,Subin,Open,Silver,28007 Riverside Park,keggar3v@virginia.edu
141,Wrapsafe,Open,Platinum,7284 Swallow Pass,eprobin3w@ebay.com
142,Transcof,Open,Platinum,3224 Lakewood Gardens Drive,lwhittlesea3x@ehow.com
143,Prodder,Open,Silver,5283 Morrow Street,folorenshaw3y@sitemeter.com
144,Mat Lam Tam,Closed,Silver,0 Mendota Center,msowden3z@drupal.org
145,Bytecard,Closed,Gold,0151 Bluestem Alley,sheare40@fastcompany.com
146,Solarbreeze,Open,Platinum,47 David Crossing,btulleth41@upenn.edu
147,Holdlamis,Open,Platinum,76625 Bunting Point,acecely42@upenn.edu
148,Pannier,Closed,Bronze,42170 Lawn Drive,sfishbourne43@cloudflare.com
149,Viva,Closed,Silver,8164 Pearson Point,aadcocks44@samsung.com
150,Asoka,Closed,Bronze,4 Bartillon Lane,csiman45@paginegialle.it
151,Aerified,Closed,Silver,3270 Reinke Plaza,bvasiltsov46@ehow.com
152,Solarbreeze,Closed,Bronze,005 Autumn Leaf Drive,hlestrange47@google.com.au
153,Veribet,Open,Silver,956 Everett Court,swelling48@fema.gov
154,Bytecard,Open,Gold,197 Orin Street,ssteinham49@wufoo.com
155,Bigtax,Open,Silver,013 Haas Court,icollabine4a@vimeo.com
156,Zaam-Dox,Closed,Gold,465 Sage Road,msteele4b@epa.gov
157,Latlux,Closed,Gold,80826 Nelson Junction,dmcgovern4c@cyberchimps.com
158,Keylex,Closed,Bronze,6673 Alpine Terrace,jdyball4d@spotify.com
159,Daltfresh,Open,Bronze,6403 Glendale Street,krawnsley4e@github.com
160,Tampflex,Open,Platinum,393 Manley Court,wlanchbery4f@constantcontact.com
161,Span,Open,Platinum,3466 Paget Terrace,emines4g@cnbc.com
162,Stronghold,Open,Platinum,9 Pankratz Pass,oeivers4h@zdnet.com
163,Ventosanzap,Open,Bronze,62 Burrows Park,janning4i@harvard.edu
164,Domainer,Open,Silver,0711 Corben Park,tfawckner4j@squarespace.com
165,Subin,Closed,Silver,72 Hagan Street,lnagle4k@mozilla.com
166,Keylex,Open,Silver,6 Rutledge Place,gmemory4l@smh.com.au
167,Bitchip,Closed,Silver,94437 Goodland Park,sandrioli4m@elegantthemes.com
168,Aerified,Open,Silver,999 Jackson Road,cbriscam4n@yahoo.co.jp
169,Rank,Open,Gold,9 Mariners Cove Avenue,dcaudell4o@state.gov
170,Lotstring,Closed,Silver,59 Stoughton Drive,dskunes4p@dailymotion.com
171,Lotstring,Open,Platinum,63 Namekagon Circle,lcuff4q@wisc.edu
172,Sonsing,Open,Platinum,47558 Milwaukee Pass,jgolling4r@omniture.com
173,Bytecard,Open,Bronze,4544 Lunder Pass,egilham4s@yale.edu
174,Biodex,Closed,Bronze,1771 Cascade Way,rfitzhenry4t@liveinternet.ru
175,Treeflex,Closed,Gold,37329 Birchwood Way,sbatkin4u@wikia.com
176,Stringtough,Open,Bronze,36229 Graedel Point,kfiddian4v@businessinsider.com
177,Sonair,Closed,Silver,7458 Derek Street,tdorney4w@admin.ch
178,Bigtax,Open,Silver,650 Shopko Hill,gtattoo4x@bizjournals.com
179,Tin,Open,Bronze,33 Oak Valley Plaza,mplascott4y@icio.us
180,Ronstring,Closed,Bronze,01 Bay Center,mgulliman4z@state.gov
181,Zamit,Open,Bronze,2591 Harper Terrace,cleeman50@mozilla.org
182,Bigtax,Open,Gold,9 Farragut Trail,jbeeken51@livejournal.com
183,Regrant,Open,Platinum,7 Heffernan Lane,mtome52@edublogs.org
184,Subin,Closed,Bronze,9297 Kropf Hill,mzavattieri53@sourceforge.net
185,Redhold,Open,Gold,44650 Ilene Trail,bodonohoe54@google.it
186,Flowdesk,Open,Platinum,02761 Carey Junction,cfavel55@shop-pro.jp
187,Zathin,Open,Platinum,16308 Carioca Terrace,ycongram56@dedecms.com
188,Latlux,Open,Bronze,17 Emmet Drive,agarnam57@theatlantic.com
189,Kanlam,Closed,Silver,38372 Claremont Pass,jstennett58@bloglines.com
190,Flexidy,Closed,Bronze,974 Badeau Road,jbattrick59@histats.com
191,Stim,Open,Bronze,12100 2nd Crossing,mvollam5a@chicagotribune.com
192,Bigtax,Open,Bronze,14 Holmberg Avenue,swestfrimley5b@microsoft.com
193,Cardify,Closed,Platinum,3288 Ilene Drive,mcowdray5c@rambler.ru
194,Fix San,Open,Platinum,4 Charing Cross Drive,mjoreau5d@imgur.com
195,Sub-Ex,Open,Silver,67903 Grasskamp Circle,tnetherclift5e@goo.ne.jp
196,Wrapsafe,Open,Silver,1 Vahlen Point,cthewys5f@seattletimes.com
197,Hatity,Closed,Gold,2 Lillian Crossing,plangworthy5g@ucsd.edu
198,Home Ing,Closed,Platinum,3 Summer Ridge Parkway,rgallimore5h@blinklist.com
199,Zaam-Dox,Open,Platinum,465 Truax Plaza,mhaily5i@wisc.edu
200,Viva,Open,Silver,819 Raven Pass,wlavrick5j@live.com
201,Fixflex,Open,Silver,12 Memorial Alley,rguyon5k@boston.com
202,Zathin,Open,Bronze,47 Dahle Terrace,hviccary5l@twitter.com
203,Cardify,Closed,Silver,9234 Raven Court,whovell5m@posterous.com
204,Redhold,Open,Gold,1346 Lindbergh Court,szannotti5n@amazon.de
205,Otcom,Closed,Platinum,57 Kenwood Drive,mvictory5o@jugem.jp
206,Lotlux,Closed,Platinum,69 Cascade Pass,dastell5p@howstuffworks.com
207,Job,Closed,Platinum,128 Blackbird Plaza,apietrowski5q@plala.or.jp
208,Asoka,Closed,Silver,7330 Troy Circle,pcray5r@360.cn
209,Job,Open,Bronze,06 Bobwhite Crossing,rcottis5s@ucla.edu
210,Transcof,Closed,Platinum,67468 Packers Junction,mstrass5t@sun.com
211,Daltfresh,Closed,Silver,3 Fair Oaks Alley,esiss5u@angelfire.com
212,Cookley,Closed,Platinum,3662 Melvin Plaza,bdavana5v@accuweather.com
213,Andalax,Open,Bronze,7627 Northfield Way,fmartusewicz5w@ehow.com
214,Rank,Open,Gold,425 Charing Cross Trail,nbartleman5x@plala.or.jp
215,Voltsillam,Open,Silver,95494 Schlimgen Parkway,karkle5y@cocolog-nifty.com
216,Biodex,Closed,Silver,597 Village Alley,ivarren5z@naver.com
217,Stringtough,Open,Bronze,08644 Dennis Point,mleith60@cyberchimps.com
218,Vagram,Open,Bronze,86 Hovde Hill,cmannock61@archive.org
219,Kanlam,Closed,Gold,3200 Lotheville Crossing,egroundwator62@discovery.com
220,Viva,Open,Bronze,17484 Cottonwood Lane,wbroadley63@discovery.com
221,Greenlam,Open,Gold,1 Portage Court,nbiddwell64@blog.com
222,Wrapsafe,Closed,Bronze,675 Brickson Park Plaza,aliddiard65@goodreads.com
223,Bigtax,Closed,Platinum,50445 Manitowish Lane,jwinham66@prweb.com
224,Latlux,Closed,Silver,3 Mockingbird Center,lmaclure67@biblegateway.com
225,Konklab,Open,Silver,9 Farwell Drive,bqusklay68@opensource.org
226,Duobam,Closed,Platinum,5 Brentwood Drive,fbantham69@cam.ac.uk
227,Asoka,Closed,Bronze,5 Commercial Street,bezzle6a@sitemeter.com
228,Duobam,Open,Silver,2 Katie Alley,esemeradova6b@reddit.com
229,Gembucket,Closed,Gold,02 Kropf Point,aledgeway6c@yale.edu
230,Otcom,Open,Bronze,56659 Mcbride Trail,vbelchamber6d@pbs.org
231,Hatity,Closed,Platinum,326 Laurel Court,ichastaing6e@theglobeandmail.com
232,Job,Open,Silver,62699 Colorado Pass,sbrisson6f@canalblog.com
233,Konklab,Closed,Bronze,44 Lakewood Alley,aselwyne6g@prnewswire.com
234,Bigtax,Open,Platinum,14077 Butternut Crossing,fworman6h@jalbum.net
235,Viva,Open,Bronze,8156 Mifflin Parkway,asoutherden6i@umich.edu
236,Temp,Closed,Bronze,2908 Stoughton Drive,abeausang6j@youtube.com
237,Zaam-Dox,Open,Gold,44892 Continental Point,mvanini6k@csmonitor.com
238,Opela,Closed,Gold,8906 Stuart Lane,fwaddicor6l@goo.ne.jp
239,Transcof,Closed,Gold,49105 Florence Way,rkirtley6m@technorati.com
240,Stringtough,Open,Gold,74 Hayes Hill,vhalwill6n@bbb.org
241,Zontrax,Closed,Bronze,0 Dahle Avenue,mcaress6o@last.fm
242,Matsoft,Open,Gold,25 Dahle Plaza,fpoizer6p@yale.edu
243,Sonair,Open,Gold,39 Crowley Alley,saddyman6q@tamu.edu
244,Fixflex,Closed,Silver,590 Rieder Parkway,ndorkins6r@intel.com
245,Daltfresh,Closed,Bronze,267 Jenna Pass,ksydenham6s@instagram.com
246,Voyatouch,Open,Silver,0477 Cherokee Avenue,mkilrow6t@webs.com
247,Alphazap,Closed,Gold,21319 Mccormick Plaza,fdunkinson6u@com.com
248,Bigtax,Closed,Platinum,3266 Jenna Parkway,dgarci6v@pen.io
249,Bigtax,Open,Silver,95303 Northport Alley,gtanser6w@vinaora.com
250,Regrant,Closed,Silver,2349 Everett Junction,vedensor6x@nationalgeographic.com
251,Domainer,Open,Platinum,049 Ridge Oak Circle,mbelasco6y@ft.com
252,Andalax,Closed,Platinum,6306 Center Road,jscottesmoor6z@odnoklassniki.ru
253,Tres-Zap,Open,Bronze,38 Waywood Road,bflisher70@canalblog.com
254,Greenlam,Open,Silver,67053 Jackson Circle,kwalewicz71@newyorker.com
255,Zamit,Closed,Bronze,51 Marcy Terrace,cwhitney72@house.gov
256,Matsoft,Open,Platinum,2 Hanson Point,brenwick73@networkadvertising.org
257,Sonsing,Open,Platinum,250 Dottie Hill,gtilne74@i2i.jp
258,Konklux,Open,Platinum,2 Green Ridge Hill,vmeers75@blogs.com
259,Opela,Closed,Platinum,4348 Bunker Hill Crossing,cskelcher76@google.fr
260,Bitchip,Open,Bronze,030 Fallview Trail,lguwer77@fotki.com
261,Biodex,Open,Silver,74 Pond Park,dmival78@geocities.jp
262,Greenlam,Closed,Silver,00 Eagle Crest Center,gdelloyd79@prweb.com
263,Otcom,Open,Silver,333 Algoma Road,fbarrat7a@census.gov
264,Y-Solowarm,Closed,Bronze,13624 Northridge Plaza,wdalmeida7b@nih.gov
265,Kanlam,Open,Platinum,89994 Grover Street,jwhiskerd7c@addtoany.com
266,Rank,Open,Silver,4 Golf Course Park,mgooch7d@va.gov
267,Rank,Closed,Bronze,8061 Kropf Drive,sfitzpatrick7e@i2i.jp
268,Asoka,Open,Platinum,864 Truax Junction,dscott7f@tmall.com
269,Veribet,Open,Gold,7190 Carey Court,sarchibold7g@tiny.cc
270,Daltfresh,Open,Gold,96 Melby Terrace,ggreenslade7h@dell.com
271,Ventosanzap,Closed,Bronze,863 Donald Parkway,pmcnay7i@e-recht24.de
272,Rank,Closed,Silver,0 Becker Lane,khayfield7j@microsoft.com
273,It,Closed,Silver,34 West Point,hbaldinotti7k@ocn.ne.jp
274,Span,Closed,Platinum,6163 Sullivan Court,jboxell7l@360.cn
275,Fintone,Closed,Silver,2548 Emmet Crossing,nhymer7m@ebay.com
276,Flexidy,Closed,Platinum,3 Merry Plaza,achallenor7n@cornell.edu
277,Stringtough,Closed,Gold,71 Oak Avenue,ddonavan7o@parallels.com
278,Treeflex,Open,Platinum,16 Paget Hill,lcoxhell7p@instagram.com
279,Stringtough,Open,Silver,89573 Esker Center,esisse7q@mashable.com
280,Bigtax,Closed,Silver,30 Burrows Center,hwisden7r@cdbaby.com
281,Viva,Open,Silver,13 Mariners Cove Center,bsmy7s@godaddy.com
282,Holdlamis,Open,Platinum,796 Golf View Alley,whartford7t@yahoo.com
283,Lotstring,Closed,Platinum,97676 Westridge Junction,igluyas7u@examiner.com
284,Y-Solowarm,Closed,Bronze,9776 Dixon Crossing,qmquhan7v@booking.com
285,Sub-Ex,Open,Silver,8 Coolidge Drive,cauchterlonie7w@sbwire.com
286,Zontrax,Open,Silver,74695 Randy Drive,gbenkin7x@marriott.com
287,Kanlam,Closed,Bronze,87 John Wall Alley,pmacfadin7y@google.co.uk
288,Transcof,Closed,Silver,799 Graceland Junction,jsexten7z@is.gd
289,Prodder,Closed,Silver,3485 Sullivan Junction,sbuscombe80@mozilla.com
290,Overhold,Open,Gold,857 Lerdahl Street,kpenrith81@cnet.com
291,Domainer,Closed,Silver,154 Pierstorff Hill,redgson82@columbia.edu
292,Hatity,Open,Silver,28 Bultman Hill,apetris83@umich.edu
293,Konklux,Open,Silver,256 Troy Alley,blillywhite84@harvard.edu
294,Kanlam,Open,Bronze,77 Cascade Parkway,spenke85@accuweather.com
295,Otcom,Closed,Platinum,47 8th Plaza,smantripp86@wordpress.com
296,Overhold,Closed,Platinum,54346 Anzinger Way,mdanbye87@bing.com
297,Stim,Closed,Platinum,7798 Hovde Point,eaprahamian88@networksolutions.com
298,Zoolab,Open,Gold,00911 Moland Place,jgerman89@zdnet.com
299,Rank,Closed,Platinum,37877 Monica Drive,sferrarotti8a@hatena.ne.jp
300,Viva,Open,Platinum,9996 Pine View Court,ahefforde8b@shutterfly.com
301,Bamity,Open,Gold,3 Daystar Center,mbellhanger8c@epa.gov
302,Fix San,Closed,Gold,00 Kensington Parkway,ispraggs8d@ycombinator.com
303,Bamity,Open,Platinum,1466 Shasta Road,cbonnette8e@dmoz.org
304,Daltfresh,Open,Platinum,20581 Summerview Junction,jwraight8f@soup.io
305,Ventosanzap,Open,Silver,44511 Hoard Street,kimbrey8g@senate.gov
306,Konklab,Closed,Platinum,987 Lighthouse Bay Alley,rsybe8h@dot.gov
307,Flowdesk,Open,Platinum,0 Dayton Point,npenright8i@army.mil
308,Voyatouch,Open,Silver,181 Pleasure Park,khirth8j@youtu.be
309,Gembucket,Closed,Bronze,12179 Elka Lane,ftreeby8k@networksolutions.com
310,Bitchip,Closed,Bronze,14 Pierstorff Way,cyurkov8l@simplemachines.org
311,Sonsing,Open,Bronze,725 Blue Bill Park Crossing,bforster8m@blogtalkradio.com
312,Sonsing,Open,Platinum,80 Ludington Point,rschoenleiter8n@walmart.com
313,Cardguard,Open,Platinum,62461 Division Center,gzorzetti8o@blog.com
314,Home Ing,Open,Gold,9341 Johnson Center,rricciardo8p@engadget.com
315,Sonsing,Open,Bronze,34813 Anhalt Court,kbrand8q@tripadvisor.com
316,Span,Closed,Platinum,3 Summer Ridge Street,awiggington8r@dropbox.com
317,Greenlam,Open,Bronze,7 Ilene Avenue,jsangwine8s@devhub.com
318,Zontrax,Open,Bronze,904 Bartelt Trail,cwoolner8t@ebay.co.uk
319,Stronghold,Open,Bronze,436 Di Loreto Alley,nbooker8u@telegraph.co.uk
320,Latlux,Open,Platinum,7436 Kennedy Center,vgini8v@taobao.com
321,Bitwolf,Closed,Bronze,32867 Fulton Plaza,ksoppit8w@shutterfly.com
322,Treeflex,Closed,Gold,350 New Castle Street,einold8x@bloomberg.com
323,Sonsing,Open,Bronze,019 Petterle Terrace,rcorselles8y@nba.com
324,Pannier,Open,Gold,6362 Old Shore Plaza,schristoffersen8z@posterous.com
325,Hatity,Closed,Bronze,49 Kipling Avenue,mchellam90@webnode.com
326,Alpha,Closed,Gold,9202 West Center,udemorena91@nih.gov
327,Holdlamis,Open,Platinum,33801 Autumn Leaf Point,htemblett92@ucoz.ru
328,Asoka,Closed,Silver,04232 Mesta Junction,ajanaszewski93@zdnet.com
329,It,Closed,Silver,8 Clove Avenue,bamar94@weibo.com
330,Y-find,Open,Gold,263 Eggendart Hill,handriveaux95@unesco.org
331,Lotlux,Closed,Gold,1264 Rigney Circle,mcaddens96@nature.com
332,Temp,Open,Platinum,6 Schiller Alley,smarvel97@newyorker.com
333,Bytecard,Closed,Platinum,6466 Erie Junction,vodonohoe98@slideshare.net
334,Overhold,Closed,Platinum,1 Oak Hill,cbaudry99@hud.gov
335,Tresom,Open,Bronze,7 Dunning Street,gpostill9a@yolasite.com
336,Duobam,Open,Platinum,3149 Tennessee Lane,vyeates9b@nsw.gov.au
337,Gembucket,Open,Silver,2 Moulton Road,jbartkowiak9c@youku.com
338,Daltfresh,Open,Bronze,6 1st Alley,jmortel9d@blogtalkradio.com
339,Cardguard,Closed,Silver,23 Beilfuss Terrace,abearne9e@about.com
340,Zathin,Open,Bronze,4252 New Castle Pass,mbrownscombe9f@123-reg.co.uk
341,Tempsoft,Open,Silver,509 Carey Point,kbent9g@oracle.com
342,Vagram,Open,Bronze,6 Mayer Center,rbodleigh9h@parallels.com
343,Duobam,Open,Bronze,5359 American Alley,pmcswan9i@odnoklassniki.ru
344,Bamity,Closed,Bronze,15 Roth Place,mlehr9j@pen.io
345,Tresom,Closed,Bronze,3 Talmadge Junction,simlacke9k@time.com
346,Trippledex,Open,Silver,27249 Tomscot Court,mtackle9l@forbes.com
347,Stronghold,Closed,Platinum,4630 Gateway Street,dchristensen9m@mac.com
348,Mat Lam Tam,Open,Bronze,0070 Northport Center,eolczyk9n@themeforest.net
349,Bitchip,Open,Gold,72374 Heath Lane,slaux9o@surveymonkey.com
350,Cookley,Open,Gold,8 Fulton Park,dpetasch9p@stanford.edu
351,Viva,Closed,Bronze,40026 Artisan Road,hkikke9q@github.io
352,Fixflex,Open,Bronze,72634 Springview Plaza,mlynock9r@woothemes.com
353,Home Ing,Open,Platinum,607 Brickson Park Junction,ohatch9s@shareasale.com
354,Greenlam,Open,Gold,5767 Morrow Court,gfrensch9t@multiply.com
355,Bigtax,Open,Platinum,8331 Grim Hill,omellody9u@go.com
356,Latlux,Closed,Bronze,7419 Shoshone Plaza,ekennsley9v@cdc.gov
357,Mat Lam Tam,Open,Bronze,6117 Hauk Plaza,bcann9w@auda.org.au
358,Mat Lam Tam,Open,Gold,28910 Service Junction,cdrohun9x@webeden.co.uk
359,Gembucket,Closed,Silver,2975 Nobel Plaza,creah9y@blogs.com
360,Zathin,Open,Gold,77 New Castle Trail,rcamplin9z@mayoclinic.com
361,Viva,Open,Platinum,6315 Summerview Trail,qmarinera0@gov.uk
362,Otcom,Closed,Bronze,3 Karstens Pass,vrockinghama1@aol.com
363,Flexidy,Closed,Bronze,702 Bultman Terrace,jcolleya2@telegraph.co.uk
364,Solarbreeze,Closed,Bronze,69 Riverside Pass,bgilchrista3@unc.edu
365,Lotstring,Closed,Silver,80 Coolidge Court,pbebbingtona4@shinystat.com
366,Zaam-Dox,Closed,Gold,973 Lakewood Drive,cmcghiea5@ning.com
367,Sub-Ex,Closed,Bronze,58723 Mosinee Crossing,mchatina6@yellowbook.com
368,Flowdesk,Closed,Bronze,1611 Mallory Trail,sbarnevillea7@springer.com
369,Fintone,Closed,Platinum,420 Jackson Circle,bwylama8@phoca.cz
370,Prodder,Open,Bronze,88237 Bayside Pass,ehincksa9@dot.gov
371,Aerified,Closed,Platinum,06 Oneill Plaza,adiegoaa@skyrock.com
372,Ronstring,Open,Gold,2 Atwood Circle,rfomichyovab@delicious.com
373,Alphazap,Open,Platinum,42823 Farmco Park,mharbronac@ezinearticles.com
374,Tres-Zap,Open,Gold,5193 Melby Point,cpetscheltad@house.gov
375,Daltfresh,Closed,Platinum,25601 Menomonie Parkway,grichardtae@github.io
376,Zoolab,Closed,Silver,39 Veith Circle,bdispenceraf@utexas.edu
377,Andalax,Closed,Bronze,13 Bultman Crossing,smcasgillag@amazon.co.uk
378,Rank,Open,Silver,8553 Washington Hill,qmawhinneyah@prweb.com
379,Span,Open,Silver,6 Jenna Place,bembraai@noaa.gov
380,Daltfresh,Closed,Platinum,2110 Grasskamp Court,suphamaj@prweb.com
381,Trippledex,Closed,Silver,75173 Badeau Trail,svickeryak@admin.ch
382,Asoka,Closed,Silver,98 Anderson Hill,egiraudelal@alibaba.com
383,Solarbreeze,Closed,Platinum,0 Kropf Parkway,apirelliam@free.fr
384,Span,Open,Bronze,2 Doe Crossing Trail,klangstonean@g.co
385,Aerified,Closed,Platinum,74 Westridge Circle,lrizzoao@mysql.com
386,Tresom,Closed,Gold,052 Scofield Plaza,marrellap@ftc.gov
387,Prodder,Open,Silver,5 Cambridge Parkway,slimeburnaq@nytimes.com
388,Solarbreeze,Open,Gold,19427 Artisan Center,rbreslauerar@geocities.jp
389,Fixflex,Closed,Platinum,0488 Schiller Trail,ipenhaligonas@lulu.com
390,Regrant,Closed,Bronze,9 Declaration Point,mdreakinat@com.com
391,Konklux,Open,Bronze,454 Carey Way,cmckendryau@wikispaces.com
392,Ventosanzap,Open,Platinum,09 Bellgrove Junction,jeckeryav@cnbc.com
393,Ronstring,Open,Silver,57625 Dexter Way,pdemezaaw@army.mil
394,Zaam-Dox,Closed,Bronze,6699 Fremont Park,bsabenax@twitpic.com
395,Matsoft,Open,Bronze,813 Kingsford Road,lmussonay@telegraph.co.uk
396,Subin,Open,Bronze,2600 Eggendart Plaza,mocalleranaz@dell.com
397,Tempsoft,Closed,Silver,21914 Pine View Plaza,smcilvaneyb0@reuters.com
398,Zoolab,Open,Silver,6055 Longview Center,achafferb1@prweb.com
399,Aerified,Open,Bronze,22772 Sommers Way,ereichardtb2@over-blog.com
400,Home Ing,Closed,Gold,96729 Holmberg Park,rtardiffb3@narod.ru
401,Stim,Closed,Bronze,3737 Delaware Center,akinvanb4@ask.com
402,Ventosanzap,Closed,Platinum,9 Lotheville Street,awilshinb5@cisco.com
403,Duobam,Closed,Bronze,68517 Anhalt Parkway,mschurigb6@twitter.com
404,Gembucket,Open,Platinum,53123 Sullivan Place,mquaifeb7@studiopress.com
405,Lotlux,Closed,Bronze,8435 Sunfield Terrace,kapplewhiteb8@kickstarter.com
406,Y-Solowarm,Open,Gold,209 Mesta Drive,mfiddymentb9@miitbeian.gov.cn
407,Fintone,Closed,Gold,8530 Caliangt Pass,bhammertonba@prweb.com
408,Fix San,Closed,Silver,5522 Glacier Hill Place,vaseybb@google.co.uk
409,Gembucket,Closed,Bronze,2 Spaight Circle,vbertomierbc@trellian.com
410,Toughjoyfax,Open,Gold,01053 Riverside Trail,mlangstonebd@gnu.org
411,Asoka,Closed,Bronze,3501 Quincy Park,cmurkittbe@networkadvertising.org
412,Latlux,Open,Bronze,10295 Florence Point,ghaselupbf@seesaa.net
413,Kanlam,Open,Gold,87649 Morning Alley,cdawidowiczbg@telegraph.co.uk
414,Hatity,Closed,Gold,2 Fair Oaks Junction,cbissetbh@elpais.com
415,Ronstring,Closed,Silver,41 Dottie Place,xnisetbi@yahoo.co.jp
416,Tampflex,Open,Platinum,2669 Vidon Pass,lagiusbj@senate.gov
417,Latlux,Closed,Platinum,1710 Iowa Drive,crendlebk@vimeo.com
418,Veribet,Open,Gold,98930 Gulseth Drive,pjarambl@woothemes.com
419,Zathin,Closed,Silver,73 Heffernan Avenue,gmarteletbm@fda.gov
420,Solarbreeze,Closed,Platinum,575 Ridgeview Junction,cbrumbiebn@lycos.com
421,Bitwolf,Closed,Silver,903 Westridge Hill,bstefanovicbo@omniture.com
422,Lotlux,Closed,Silver,2 Springs Pass,rblofieldbp@live.com
423,Temp,Open,Platinum,78 Golf Course Circle,pgisburnebq@spotify.com
424,Viva,Open,Gold,3 Haas Drive,selphickbr@blogtalkradio.com
425,Transcof,Open,Gold,0 Green Plaza,irumbellowbs@canalblog.com
426,Cardify,Open,Silver,1 Waxwing Park,tindgsbt@so-net.ne.jp
427,Zamit,Closed,Silver,23 Homewood Center,gvowlesbu@exblog.jp
428,Tampflex,Open,Bronze,5 Mosinee Hill,mshutebv@ifeng.com
429,Sub-Ex,Open,Silver,20 Mallard Center,ucorahbw@hexun.com
430,Flowdesk,Open,Bronze,91 Fremont Hill,thalegarthbx@newyorker.com
431,Otcom,Open,Gold,9433 Farwell Way,agendrichby@naver.com
432,Cardguard,Open,Bronze,4 Debs Circle,fswantonbz@foxnews.com
433,Viva,Closed,Silver,6 Bultman Crossing,ygrimc0@youtu.be
434,Solarbreeze,Open,Silver,3 Dwight Avenue,acornthwaitec1@gnu.org
435,Tempsoft,Closed,Silver,9 Roth Park,dbyrnec2@topsy.com
436,Zamit,Closed,Bronze,72 Hollow Ridge Crossing,wnorawayc3@wiley.com
437,Transcof,Closed,Silver,597 Butternut Plaza,dhouseleec4@csmonitor.com
438,Mat Lam Tam,Closed,Silver,1 Scoville Place,amantionec5@taobao.com
439,Asoka,Closed,Silver,0 Browning Plaza,sratterc6@wikipedia.org
440,Biodex,Closed,Platinum,8385 Doe Crossing Drive,bwibberleyc7@hugedomains.com
441,Toughjoyfax,Open,Platinum,8585 Buena Vista Avenue,abootec8@amazon.co.uk
442,Stronghold,Open,Bronze,5 Superior Alley,aalcottc9@weather.com
443,Regrant,Closed,Platinum,1053 Judy Pass,efulleyloveca@yellowpages.com
444,Keylex,Closed,Silver,419 Harbort Trail,gvakhrushincb@who.int
445,Bytecard,Closed,Gold,995 Di Loreto Parkway,kesparzacc@arizona.edu
446,Alphazap,Closed,Bronze,6840 Bashford Circle,mellerkercd@google.co.uk
447,Flowdesk,Closed,Silver,5 Crowley Avenue,jbladonce@squarespace.com
448,Cardguard,Closed,Silver,3 Macpherson Hill,eyanukhincf@networksolutions.com
449,Voltsillam,Closed,Silver,039 Park Meadow Point,acamilicg@vimeo.com
450,Y-find,Closed,Platinum,5442 Bunker Hill Alley,swoodwindch@washingtonpost.com
451,Fintone,Open,Platinum,895 Express Drive,csaveallci@pcworld.com
452,Cardguard,Closed,Gold,6 Petterle Hill,dlampencj@craigslist.org
453,Ventosanzap,Closed,Bronze,25594 Prairieview Trail,sfrounksck@nifty.com
454,Quo Lux,Open,Gold,6 Rieder Crossing,srosomancl@narod.ru
455,Namfix,Closed,Silver,961 Logan Street,ssellnercm@soundcloud.com
456,Latlux,Closed,Gold,5858 Caliangt Pass,jblaxelandcn@github.com
457,Job,Closed,Platinum,48 Golf Course Alley,jludyco@cocolog-nifty.com
458,Home Ing,Closed,Gold,816 Upham Hill,ewaggettcp@flavors.me
459,Redhold,Closed,Gold,46088 Dottie Road,mgiacovellicq@discovery.com
460,Toughjoyfax,Closed,Platinum,12 International Trail,gtremberthcr@ocn.ne.jp
461,Namfix,Open,Gold,540 Laurel Plaza,tsydneycs@opensource.org
462,Ventosanzap,Open,Gold,1 Cherokee Crossing,kgriffeyct@dot.gov
463,Daltfresh,Closed,Gold,62571 Pond Pass,sdavenhillcu@twitpic.com
464,Greenlam,Closed,Gold,6551 Derek Way,scoltartcv@state.gov
465,Cardify,Closed,Silver,03786 Helena Lane,ajonczykcw@ihg.com
466,Tampflex,Closed,Platinum,914 Comanche Terrace,cchettoecx@devhub.com
467,Stronghold,Open,Bronze,583 Dunning Trail,scollyearcy@yale.edu
468,Regrant,Open,Platinum,09412 Hanson Terrace,hcroncheycz@prlog.org
469,Bitwolf,Closed,Platinum,5 Chinook Avenue,bcolbridged0@wordpress.org
470,Tresom,Closed,Silver,0 Merry Drive,elowbridged1@about.com
471,It,Closed,Gold,3855 Kingsford Parkway,jmcterlaghd2@naver.com
472,Transcof,Open,Gold,12 Hagan Terrace,kodennehyd3@booking.com
473,Fix San,Closed,Platinum,87944 Maple Wood Plaza,mdavidovskyd4@loc.gov
474,Bitwolf,Open,Gold,701 Mallory Plaza,lhizird5@japanpost.jp
475,It,Open,Bronze,3 Lyons Avenue,mkreberd6@goodreads.com
476,Pannier,Open,Platinum,02902 Mosinee Alley,hbenzingd7@dagondesign.com
477,Regrant,Open,Bronze,38 Maryland Avenue,chachetted8@howstuffworks.com
478,Namfix,Closed,Platinum,77 Annamark Alley,ecomstyd9@is.gd
479,Voyatouch,Closed,Gold,377 Center Drive,gocollopyda@disqus.com
480,Bigtax,Closed,Silver,7592 Delladonna Point,mizchakidb@printfriendly.com
481,Flexidy,Closed,Bronze,561 Raven Road,mduiguiddc@acquirethisname.com
482,Sub-Ex,Closed,Gold,32830 Crest Line Terrace,ichittimdd@va.gov
483,Kanlam,Closed,Bronze,80 Paget Circle,tbarfootde@friendfeed.com
484,Home Ing,Open,Bronze,7 Cambridge Trail,bpozerdf@bbb.org
485,Bitchip,Open,Bronze,07 Buell Crossing,mfarlowdg@admin.ch
486,Job,Closed,Platinum,11428 Village Hill,meirwindh@twitter.com
487,Greenlam,Closed,Bronze,9 Dovetail Alley,jpautotdi@imdb.com
488,Rank,Closed,Silver,6969 Mcguire Trail,rvaladezdj@list-manage.com
489,Regrant,Closed,Silver,4049 Ridge Oak Court,mmatyashevdk@omniture.com
490,Treeflex,Closed,Bronze,0 Dapin Lane,ureamandl@instagram.com
491,Aerified,Open,Bronze,1 Florence Place,mhobledm@soundcloud.com
492,Cookley,Open,Gold,65784 Melody Court,tburchettdn@istockphoto.com
493,Zontrax,Open,Platinum,0 Thierer Park,edobbinsdo@google.com
494,Temp,Open,Bronze,15 Continental Way,lcraftdp@prlog.org
495,Ventosanzap,Closed,Platinum,7087 Old Gate Way,cflatherdq@cocolog-nifty.com
496,Zontrax,Closed,Gold,6 Anderson Pass,vdmitrovicdr@canalblog.com
497,Fintone,Closed,Platinum,37025 Express Point,tbillyealdds@csmonitor.com
498,Y-Solowarm,Closed,Bronze,19942 Graceland Terrace,sarnfielddt@wordpress.com
499,Domainer,Closed,Gold,07746 Everett Drive,ttrankdu@cnn.com
500,Stringtough,Closed,Platinum,15 Muir Trail,fthomersondv@blinklist.com
501,Quo Lux,Open,Silver,21310 Pine View Park,dchishulldw@google.co.jp
502,Bigtax,Closed,Bronze,701 Texas Terrace,xworsnupdx@netscape.com
503,Bamity,Closed,Platinum,43608 Lunder Terrace,cchaffyndy@diigo.com
504,Cardify,Open,Gold,5790 Jenifer Plaza,mreynerdz@usatoday.com
505,Keylex,Open,Platinum,982 Green Ridge Way,lgouthiere0@prnewswire.com
506,Opela,Closed,Bronze,84282 Dunning Park,mdingsdalee1@trellian.com
507,Cardguard,Closed,Gold,71062 Cherokee Pass,wcoene2@wikia.com
508,Zontrax,Open,Silver,6295 Di Loreto Hill,pnorcope3@wikimedia.org
509,Duobam,Closed,Gold,523 Springview Avenue,kcanterae4@networkadvertising.org
510,Vagram,Closed,Silver,79222 Rutledge Crossing,nleggise5@ovh.net
511,Opela,Closed,Platinum,14 Graceland Drive,ptudballe6@jalbum.net
512,Hatity,Closed,Gold,56 Hazelcrest Trail,lsheklee7@prweb.com
513,Tempsoft,Closed,Gold,5 Graedel Center,pquenbye8@mail.ru
514,Bitwolf,Closed,Platinum,6 Hazelcrest Road,etinke9@webmd.com
515,Cookley,Open,Silver,9364 Bonner Plaza,fsimacekea@nature.com
516,Biodex,Closed,Gold,38232 Vahlen Alley,aculkineb@people.com.cn
517,Trippledex,Open,Platinum,340 Clove Drive,xtinseyec@comsenz.com
518,Bitwolf,Closed,Gold,0 Sundown Park,gcruxtoned@sciencedirect.com
519,Span,Open,Silver,58 Dryden Crossing,kpearnee@icio.us
520,Gembucket,Open,Bronze,4 Fulton Pass,ejelkef@time.com
521,Span,Closed,Silver,42 Scott Place,hboodelleg@cbsnews.com
522,Otcom,Open,Silver,87026 Sachs Junction,gstegereh@issuu.com
523,Viva,Open,Platinum,000 Elmside Circle,gcomptonei@technorati.com
524,Gembucket,Closed,Gold,0 Luster Terrace,pconyersej@symantec.com
525,Holdlamis,Closed,Platinum,29 American Ash Hill,apresnailek@storify.com
526,Transcof,Closed,Bronze,4534 Bowman Court,dkumarel@php.net
527,Tresom,Open,Bronze,62408 Commercial Parkway,lcanetem@ovh.net
528,Trippledex,Open,Silver,56476 Lerdahl Court,mpearen@jimdo.com
529,Ronstring,Closed,Bronze,2317 Anhalt Court,msomervilleeo@weebly.com
530,Namfix,Open,Silver,30863 Hudson Point,kleighfieldep@ibm.com
531,Zaam-Dox,Closed,Bronze,0 Golf Course Trail,cbreinleq@stumbleupon.com
532,Konklab,Open,Bronze,3715 Fisk Hill,mdavidofskier@digg.com
533,Bitwolf,Closed,Silver,25725 Express Hill,mcaruses@accuweather.com
534,Asoka,Open,Silver,53 East Center,aeversleyet@unicef.org
535,Quo Lux,Closed,Platinum,328 Lighthouse Bay Street,hkyddeu@wiley.com
536,Kanlam,Closed,Silver,8 Anhalt Center,peltringhamev@a8.net
537,Mat Lam Tam,Open,Gold,0491 Fremont Place,flawlieew@buzzfeed.com
538,Matsoft,Open,Platinum,2731 Texas Avenue,mpatleyex@shutterfly.com
539,Sub-Ex,Closed,Silver,959 Cherokee Trail,koconcannoney@i2i.jp
540,Matsoft,Closed,Gold,614 3rd Center,lgoszez@over-blog.com
541,Temp,Open,Platinum,255 Trailsway Trail,tglaisnerf0@delicious.com
542,Greenlam,Closed,Gold,42564 Sachs Plaza,clegrysf1@netvibes.com
543,Wrapsafe,Closed,Gold,18188 Cherokee Parkway,wwyvillf2@diigo.com
544,Temp,Closed,Gold,7612 Autumn Leaf Park,lroof3@ocn.ne.jp
545,Quo Lux,Open,Silver,5209 Kropf Center,rbackhurstf4@etsy.com
546,Ronstring,Closed,Platinum,26596 Ilene Street,cdentonf5@t.co
547,Lotlux,Closed,Platinum,0120 Towne Point,gurvoyf6@domainmarket.com
548,Fix San,Closed,Platinum,61 Troy Alley,ihamillf7@nifty.com
549,Andalax,Closed,Platinum,9634 Mccormick Hill,pollivierref8@edublogs.org
550,Namfix,Closed,Gold,4147 Everett Plaza,flastf9@vimeo.com
551,Overhold,Closed,Bronze,40 Golf View Park,tpanksfa@illinois.edu
552,Aerified,Closed,Gold,86 Mcguire Crossing,edunbobbinfb@wordpress.org
553,Konklux,Closed,Gold,09 School Pass,sfozzardfc@marketwatch.com
554,Tampflex,Open,Silver,8 Melrose Drive,droddamfd@moonfruit.com
555,Konklux,Open,Silver,7 Westend Lane,tverbekefe@unicef.org
556,Redhold,Closed,Gold,1434 Miller Parkway,acortezff@angelfire.com
557,Regrant,Open,Silver,1 Hermina Center,gstonerfg@omniture.com
558,Alphazap,Open,Platinum,71377 Vermont Center,hmaberfh@intel.com
559,Hatity,Open,Bronze,79 Logan Hill,ejeannardfi@cbc.ca
560,Span,Closed,Bronze,24867 Hanson Street,alacottefj@drupal.org
561,Stim,Closed,Bronze,6 Kedzie Center,mdifrancescofk@ox.ac.uk
562,Home Ing,Closed,Bronze,65211 Shelley Lane,thobgenfl@biblegateway.com
563,Prodder,Open,Silver,30 Hauk Pass,klampingfm@w3.org
564,Vagram,Closed,Gold,57 Green Ridge Parkway,achestlefn@uol.com.br
565,Trippledex,Closed,Silver,974 Prairieview Plaza,jhayhowfo@amazonaws.com
566,Gembucket,Open,Platinum,0 Rieder Street,bshoveltonfp@theatlantic.com
567,Biodex,Closed,Silver,2 Claremont Street,rvealfq@sakura.ne.jp
568,Cookley,Open,Silver,2320 Kedzie Pass,ddanfr@senate.gov
569,Opela,Closed,Silver,61416 Grasskamp Trail,gskinnerfs@indiegogo.com
570,Tresom,Open,Silver,3 Meadow Ridge Road,bbertotft@ted.com
571,Zaam-Dox,Closed,Gold,7 Utah Place,abrearfu@jiathis.com
572,Temp,Open,Platinum,2 Laurel Trail,geasterfv@cdc.gov
573,Flexidy,Closed,Platinum,59 Grim Road,okleynfw@berkeley.edu
574,Zamit,Closed,Platinum,7 Judy Park,fmcalessfx@angelfire.com
575,Zoolab,Closed,Silver,07 Dexter Lane,mlilleycropfy@vkontakte.ru
576,Biodex,Closed,Platinum,547 Beilfuss Alley,wgrzesiewiczfz@paypal.com
577,Holdlamis,Closed,Platinum,1523 Riverside Avenue,cmacclanceyg0@arizona.edu
578,Bamity,Closed,Silver,32 Holy Cross Park,rbehang1@pinterest.com
579,Quo Lux,Open,Bronze,69 Brentwood Center,sdewisg2@histats.com
580,Span,Closed,Bronze,7 Veith Junction,wtapnerg3@stanford.edu
581,Bamity,Open,Bronze,8792 Harbort Pass,nstobbartg4@whitehouse.gov
582,Sub-Ex,Closed,Gold,4 Mayer Junction,spellittg5@sun.com
583,Zathin,Open,Bronze,6724 Buena Vista Junction,ncromieg6@1und1.de
584,Lotlux,Open,Gold,672 Delaware Parkway,ewinterg7@buzzfeed.com
585,Konklab,Open,Gold,93061 Swallow Point,kgreberg8@arizona.edu
586,Fixflex,Closed,Platinum,65607 Pepper Wood Plaza,vsaltmang9@shutterfly.com
587,Tresom,Open,Bronze,5910 Nancy Crossing,dsapsfordga@pagesperso-orange.fr
588,Cookley,Closed,Bronze,9637 Northland Circle,rboscottgb@answers.com
589,Ronstring,Open,Silver,31 Karstens Street,tseabrookgc@vk.com
590,Alphazap,Open,Gold,52 Miller Terrace,aguinessgd@ovh.net
591,Asoka,Open,Platinum,8035 Sauthoff Trail,gcussonsge@seattletimes.com
592,Stringtough,Closed,Gold,25 Westerfield Trail,dlawsongf@arstechnica.com
593,Cardguard,Open,Silver,4179 Grayhawk Circle,wrotchellgg@discuz.net
594,Holdlamis,Closed,Bronze,18 Luster Crossing,kgoatchergh@goo.gl
595,Flowdesk,Closed,Bronze,98806 East Place,radamoligi@dagondesign.com
596,Treeflex,Closed,Gold,73044 Forster Crossing,kmccalistergj@flavors.me
597,Fixflex,Open,Gold,7965 Continental Way,missittgk@springer.com
598,Voltsillam,Closed,Platinum,1 Del Sol Parkway,fdevanneygl@webeden.co.uk
599,Solarbreeze,Closed,Platinum,8 Sachs Drive,kbygravesgm@patch.com
600,Stim,Closed,Bronze,316 Briar Crest Circle,ecristofalogn@pcworld.com
601,Sonair,Closed,Platinum,5 Eastwood Center,pmaccaguego@phpbb.com
602,Alpha,Open,Platinum,08760 Union Terrace,thearlgp@java.com
603,Duobam,Open,Silver,56671 Bultman Junction,shoodlassgq@indiatimes.com
604,Temp,Open,Gold,4491 Little Fleur Terrace,mflanaghangr@microsoft.com
605,Gembucket,Closed,Silver,35823 Lawn Street,rvardengs@google.com.au
606,Alphazap,Closed,Platinum,10693 Porter Way,tteresigt@wp.com
607,Temp,Closed,Gold,6 Service Plaza,mlambshinegu@archive.org
608,Bytecard,Open,Silver,43970 Mallard Place,cemerygv@devhub.com
609,Zoolab,Open,Gold,37 Aberg Court,aarmorgw@omniture.com
610,Otcom,Closed,Bronze,044 Warrior Place,platorregx@4shared.com
611,Transcof,Open,Gold,9 Cambridge Way,episergy@cbslocal.com
612,Sonair,Closed,Platinum,1298 Sugar Way,nlandrieugz@go.com
613,Fix San,Closed,Platinum,857 Sundown Crossing,aloudenh0@engadget.com
614,Sonair,Closed,Gold,52309 Northview Center,scrankshawh1@twitpic.com
615,Sonair,Closed,Bronze,1 Schiller Street,hashlingh2@microsoft.com
616,Temp,Closed,Bronze,4310 Dryden Pass,csalamonh3@oakley.com
617,Pannier,Open,Silver,6 Stuart Trail,twalkloth4@ustream.tv
618,Keylex,Open,Bronze,120 Waywood Terrace,dpimblotteh5@webnode.com
619,Bigtax,Open,Silver,119 Talmadge Point,mlangforthh6@hibu.com
620,Job,Open,Bronze,7036 Vidon Terrace,ythirkettleh7@epa.gov
621,Vagram,Open,Silver,21322 Delaware Pass,rjowseyh8@toplist.cz
622,Lotstring,Open,Gold,487 Elgar Crossing,dhaironh9@macromedia.com
623,Tempsoft,Closed,Silver,14047 Mayer Pass,gjobeyha@europa.eu
624,Rank,Closed,Platinum,26372 Browning Parkway,nbeardshawhb@newyorker.com
625,Ronstring,Open,Bronze,7 Lakeland Parkway,estrittonhc@ibm.com
626,Bigtax,Closed,Gold,40 Sage Lane,aroonhd@answers.com
627,Y-Solowarm,Open,Silver,527 Express Drive,lpettegrehe@spotify.com
628,Flowdesk,Closed,Platinum,24 Ramsey Terrace,mdoleshf@uiuc.edu
629,Domainer,Open,Silver,57786 Bonner Trail,alongleyhg@foxnews.com
630,Viva,Open,Silver,8 Scofield Lane,kparsleyhh@bizjournals.com
631,Vagram,Open,Platinum,2 Banding Drive,ptorpiehi@e-recht24.de
632,Trippledex,Open,Gold,473 Moose Park,jsharpleshj@cnet.com
633,Sonsing,Closed,Platinum,465 Acker Hill,mstonallhk@nytimes.com
634,Namfix,Open,Silver,4 Continental Street,japflerhl@twitpic.com
635,Cookley,Open,Gold,99 Lunder Street,plabernhm@ucla.edu
636,Lotlux,Open,Silver,926 Union Way,isoperhn@cam.ac.uk
637,Namfix,Closed,Bronze,141 Melody Alley,mbeminsterho@seesaa.net
638,Flexidy,Closed,Bronze,50316 Northview Parkway,bdaffernhp@indiatimes.com
639,Aerified,Closed,Silver,507 Northport Place,sbrabbanhq@naver.com
640,Job,Open,Gold,42143 Alpine Way,givatthr@simplemachines.org
641,Stim,Open,Silver,33 Melody Place,htodarellohs@time.com
642,Voltsillam,Closed,Platinum,152 Iowa Avenue,ktreleaseht@unblog.fr
643,Toughjoyfax,Closed,Bronze,9257 North Lane,opinckneyhu@fc2.com
644,Voltsillam,Open,Bronze,9 Warner Terrace,hblivenhv@themeforest.net
645,Tresom,Open,Bronze,1360 Debra Crossing,medishw@weather.com
646,Rank,Closed,Silver,5 Sundown Avenue,bcoreyhx@drupal.org
647,Tampflex,Closed,Bronze,087 Graedel Court,jfawlohy@noaa.gov
648,Job,Closed,Platinum,139 Bowman Street,kcowperhz@wired.com
649,Temp,Open,Gold,5 Lien Court,eellesi0@jimdo.com
650,Bytecard,Closed,Silver,16461 5th Center,schermi1@census.gov
651,Viva,Open,Silver,3549 Comanche Circle,bcamellii2@dyndns.org
652,Tresom,Open,Bronze,95 Oriole Place,hespineli3@nba.com
653,Otcom,Open,Silver,688 Norway Maple Court,mpharei4@ameblo.jp
654,Asoka,Closed,Silver,322 Jana Avenue,vserridgei5@yolasite.com
655,Lotlux,Closed,Bronze,7 Granby Parkway,chinksi6@cbslocal.com
656,Voyatouch,Open,Bronze,691 Eliot Center,rkapelhoffi7@uol.com.br
657,Vagram,Open,Bronze,5 Dwight Road,vchapellowi8@java.com
658,Biodex,Open,Silver,198 Bluestem Alley,tsargeaunti9@youku.com
659,Zaam-Dox,Closed,Silver,0617 Twin Pines Lane,gmilmithia@prnewswire.com
660,Treeflex,Open,Gold,42884 Mayer Parkway,ldeadmanib@un.org
661,Flowdesk,Open,Bronze,699 Manufacturers Junction,gninnoliic@godaddy.com
662,Rank,Closed,Platinum,70392 Melvin Junction,mbrodestid@mail.ru
663,Otcom,Open,Silver,44 Pine View Point,tdinwoodieie@biglobe.ne.jp
664,Job,Open,Silver,8295 Heath Place,ckleinermanif@tmall.com
665,Toughjoyfax,Closed,Platinum,1 Graedel Place,eodempseyig@vistaprint.com
666,Y-Solowarm,Closed,Platinum,65222 Nobel Lane,mtownesih@wix.com
667,Bigtax,Closed,Bronze,30 Bonner Junction,chamlyii@flavors.me
668,Y-find,Open,Platinum,60770 Stone Corner Park,egillmoreij@columbia.edu
669,Alpha,Open,Silver,9 Cody Street,jhinemoorik@omniture.com
670,Temp,Open,Silver,9 Cherokee Way,mbruinemannil@accuweather.com
671,Keylex,Closed,Gold,9372 Annamark Place,jdillingstoneim@slate.com
672,Fixflex,Closed,Bronze,764 Summerview Court,ccouserin@jiathis.com
673,Rank,Closed,Silver,712 Eliot Terrace,pcodaio@plala.or.jp
674,Voyatouch,Closed,Gold,187 Grim Center,zwealdip@desdev.cn
675,Andalax,Closed,Gold,469 Shelley Street,lgosalveziq@google.ru
676,Fixflex,Closed,Platinum,8628 Bayside Center,hmendoncair@bloglovin.com
677,Gembucket,Open,Gold,52078 American Circle,gmilmithis@networkadvertising.org
678,Sub-Ex,Open,Silver,3560 Ridge Oak Park,rrawnsleyit@cbslocal.com
679,Bytecard,Open,Bronze,9 Westridge Road,achasmooriu@4shared.com
680,Viva,Open,Gold,230 Cody Parkway,kgatelyiv@who.int
681,Alpha,Closed,Bronze,3094 Arizona Crossing,rpennicardiw@facebook.com
682,Duobam,Open,Bronze,00 Autumn Leaf Crossing,ebristoeix@scientificamerican.com
683,Y-find,Closed,Platinum,380 Twin Pines Plaza,tgingleiy@mashable.com
684,Tampflex,Open,Platinum,95 Loeprich Trail,tgreediz@xing.com
685,Konklab,Open,Bronze,860 Green Ridge Avenue,sbarhemj0@weather.com
686,Voyatouch,Open,Bronze,000 Golden Leaf Court,khowelj1@unicef.org
687,Job,Closed,Gold,4 Westport Point,lmattersleyj2@tripadvisor.com
688,Zamit,Closed,Platinum,94737 Farragut Hill,dgowarj3@51.la
689,Aerified,Closed,Silver,52 Chinook Plaza,anewallj4@msu.edu
690,Duobam,Closed,Bronze,20 Fisk Place,vegleofgermanyj5@bbb.org
691,Fintone,Open,Platinum,06429 Lien Drive,aburfieldj6@usgs.gov
692,Latlux,Open,Silver,8145 Thackeray Parkway,jgumlyj7@etsy.com
693,Gembucket,Open,Bronze,41 Orin Road,swarrj8@geocities.jp
694,Wrapsafe,Closed,Platinum,109 Esker Lane,orossbrookj9@jimdo.com
695,Prodder,Closed,Silver,9 Lighthouse Bay Pass,lcrangleja@1und1.de
696,Zamit,Closed,Bronze,7 Steensland Alley,dheinsiusjb@ted.com
697,Stringtough,Closed,Gold,3 Warbler Point,chaithwaitejc@economist.com
698,Job,Closed,Bronze,7 Bartelt Court,gdelaspeejd@oracle.com
699,Zontrax,Closed,Gold,84039 Moose Road,pfenichje@gov.uk
700,Voyatouch,Closed,Platinum,47 Brown Center,pstairmandjf@wsj.com
701,Span,Closed,Bronze,4352 Lindbergh Drive,bweinjg@symantec.com
702,Sonsing,Closed,Silver,9774 Kinsman Circle,gwastiejh@symantec.com
703,Aerified,Open,Silver,2 Utah Pass,scadanyji@java.com
704,Tampflex,Closed,Silver,98404 Forest Avenue,rfenimorejj@trellian.com
705,Quo Lux,Closed,Bronze,9827 Jackson Hill,cblackallerjk@quantcast.com
706,Bitwolf,Open,Silver,8 Hanson Point,estookesjl@cbc.ca
707,Zathin,Open,Platinum,65 La Follette Lane,nstermanjm@yellowbook.com
708,Tresom,Closed,Silver,8 Summit Junction,ldasjn@seattletimes.com
709,Otcom,Open,Gold,3545 Crescent Oaks Park,ekerrodjo@qq.com
710,Matsoft,Closed,Bronze,6 Waywood Street,clobejp@topsy.com
711,Regrant,Open,Platinum,0 Eastlawn Park,dbyllamjq@over-blog.com
712,Trippledex,Closed,Silver,9662 Blaine Trail,rruddomjr@ox.ac.uk
713,Greenlam,Open,Platinum,56 Prairieview Hill,pybarrajs@lulu.com
714,Konklux,Closed,Gold,7 Burning Wood Way,dclandillonjt@vk.com
715,Zamit,Open,Gold,22828 Village Way,jlangsburyju@weather.com
716,It,Open,Silver,45528 Russell Place,psydenhamjv@comcast.net
717,Ronstring,Closed,Silver,7730 Columbus Pass,pswiggerjw@google.it
718,Asoka,Open,Gold,39 Summer Ridge Parkway,ffaithfulljx@yahoo.co.jp
719,Lotstring,Closed,Bronze,43408 Jana Crossing,kmacsporranjy@canalblog.com
720,Job,Closed,Platinum,07 Welch Center,emacardlejz@privacy.gov.au
721,It,Open,Platinum,263 Katie Drive,astempek0@cocolog-nifty.com
722,Asoka,Closed,Silver,6203 Autumn Leaf Drive,lfarebrotherk1@amazon.co.jp
723,Y-find,Open,Silver,8991 Crowley Parkway,nthurbonk2@live.com
724,Ronstring,Closed,Silver,4 Buhler Road,bfennelowk3@ox.ac.uk
725,Y-find,Closed,Gold,513 Messerschmidt Place,kdisbrowk4@unblog.fr
726,Overhold,Open,Gold,050 Dixon Street,rstoecklek5@bigcartel.com
727,Tres-Zap,Open,Silver,437 Reinke Hill,mmarcoolynk6@umich.edu
728,Konklab,Open,Bronze,72 Oakridge Plaza,mgrosvenork7@phpbb.com
729,Voyatouch,Open,Bronze,106 Cody Pass,kbeverleyk8@furl.net
730,Y-Solowarm,Open,Silver,16893 Kedzie Point,cvazquezk9@springer.com
731,Tempsoft,Closed,Bronze,83 Namekagon Junction,mlinsteadka@bizjournals.com
732,Lotlux,Closed,Platinum,8 Messerschmidt Lane,mkirkmankb@cam.ac.uk
733,Aerified,Closed,Gold,4 Meadow Ridge Way,rkenefordekc@soup.io
734,Bigtax,Closed,Gold,158 Colorado Trail,ebeanekd@gov.uk
735,Overhold,Closed,Bronze,671 Grasskamp Point,apearsonke@usa.gov
736,It,Closed,Bronze,753 Chinook Park,ntyremankf@qq.com
737,Matsoft,Closed,Bronze,42407 Emmet Park,mdiroccakg@ovh.net
738,Transcof,Open,Silver,22474 Ryan Place,atulliskh@latimes.com
739,Temp,Open,Silver,9833 Arizona Drive,abrooksonki@narod.ru
740,Lotlux,Open,Silver,1 Helena Crossing,kbroughamkj@people.com.cn
741,Overhold,Closed,Bronze,40920 Elka Plaza,iburhousekk@webnode.com
742,Cookley,Open,Gold,28970 Erie Junction,kmcpaikkl@webnode.com
743,Y-Solowarm,Open,Platinum,4 Chinook Parkway,jtoffettokm@comsenz.com
744,Zontrax,Closed,Silver,77 Sunnyside Avenue,bguiotkn@xrea.com
745,Flexidy,Open,Gold,31 Orin Avenue,oatterko@soundcloud.com
746,Tresom,Closed,Platinum,1 Mariners Cove Plaza,bwooliskp@businessinsider.com
747,Duobam,Open,Platinum,914 Vidon Alley,jdooreykq@illinois.edu
748,Zamit,Closed,Gold,619 Mesta Alley,abertrandkr@bloglines.com
749,Viva,Closed,Bronze,09 Glacier Hill Pass,rpringleks@vimeo.com
750,Y-Solowarm,Open,Platinum,73339 Merchant Terrace,cchatelotkt@independent.co.uk
751,Regrant,Closed,Platinum,8494 Bultman Park,ladgerku@shareasale.com
752,Bitwolf,Closed,Bronze,0808 Vidon Lane,dgeggkv@youtu.be
753,Overhold,Closed,Bronze,38379 Reindahl Road,tvarnskw@who.int
754,Mat Lam Tam,Open,Gold,488 Stone Corner Center,tbauerkx@lycos.com
755,Rank,Open,Platinum,42008 Drewry Circle,daultky@soundcloud.com
756,Biodex,Closed,Gold,429 Center Court,cjacobikz@who.int
757,Flowdesk,Open,Platinum,4068 Hollow Ridge Trail,gmarenl0@infoseek.co.jp
758,Prodder,Closed,Gold,608 Lien Place,gholdworthl1@hostgator.com
759,Alphazap,Closed,Bronze,773 Melrose Park,alandel2@wired.com
760,Tresom,Closed,Gold,3 Londonderry Place,fviell3@biblegateway.com
761,Overhold,Closed,Silver,3 Talmadge Trail,dhellierl4@taobao.com
762,Konklab,Open,Bronze,45 Katie Parkway,lskydalll5@chronoengine.com
763,Wrapsafe,Closed,Platinum,94 Elmside Terrace,aridgewelll6@freewebs.com
764,Asoka,Open,Silver,33 Nevada Park,ctironel7@altervista.org
765,Subin,Closed,Platinum,59 Fisk Junction,mratrayl8@facebook.com
766,Voltsillam,Open,Bronze,9 Dayton Terrace,rsongerl9@plala.or.jp
767,Daltfresh,Closed,Silver,11 Mayer Court,raspenlonla@salon.com
768,Ventosanzap,Open,Platinum,50 Park Meadow Road,aporcherlb@nature.com
769,Voyatouch,Open,Bronze,5 Grim Circle,kpitceathlylc@prlog.org
770,Flexidy,Closed,Silver,45 Clove Pass,gpasseyld@merriam-webster.com
771,Treeflex,Open,Bronze,964 Truax Avenue,asauvenle@spotify.com
772,Tin,Open,Bronze,5 Maple Wood Court,ntirtelf@over-blog.com
773,Kanlam,Open,Gold,8 Grayhawk Court,gchessillg@dmoz.org
774,Zoolab,Open,Platinum,670 Meadow Ridge Lane,ckobellh@eepurl.com
775,Alphazap,Open,Bronze,8626 Killdeer Pass,bdominyli@storify.com
776,Toughjoyfax,Open,Platinum,313 Fieldstone Way,tproudlj@indiatimes.com
777,Fintone,Open,Platinum,81236 Goodland Plaza,ascoffinslk@freewebs.com
778,Y-find,Closed,Gold,159 Vera Circle,browlandsll@wunderground.com
779,Sonsing,Open,Silver,20482 Stoughton Center,lhriinchenkolm@163.com
780,Fix San,Closed,Silver,95544 Veith Park,egryglewskiln@bloomberg.com
781,Treeflex,Open,Platinum,05358 Bobwhite Trail,tmackailelo@mtv.com
782,Matsoft,Open,Bronze,72853 Kensington Drive,tmacdonnelllp@acquirethisname.com
783,Tresom,Closed,Gold,14714 Hintze Junction,lbedomelq@foxnews.com
784,Cookley,Closed,Silver,24 Forster Alley,mwalbridgelr@nba.com
785,Tres-Zap,Open,Gold,76 Northport Crossing,pdeniskevichls@paypal.com
786,Sonsing,Open,Platinum,2659 Maple Wood Plaza,tlegglt@edublogs.org
787,Trippledex,Closed,Silver,452 Del Sol Plaza,bcashenlu@webnode.com
788,Stringtough,Closed,Gold,43119 Doe Crossing Plaza,ehakeworthlv@ibm.com
789,Flexidy,Closed,Platinum,99 Randy Street,ffardelllw@1und1.de
790,Konklab,Open,Platinum,836 Lerdahl Junction,bwoolstonlx@yahoo.co.jp
791,Andalax,Closed,Bronze,871 Red Cloud Trail,nkilpatrickly@mapy.cz
792,Quo Lux,Open,Bronze,173 Union Drive,sgodspedelz@cnn.com
793,Mat Lam Tam,Open,Silver,8754 David Terrace,ablakebroughm0@wordpress.com
794,Y-Solowarm,Closed,Bronze,633 Declaration Center,nmaskallm1@usatoday.com
795,Asoka,Closed,Bronze,5 South Lane,gtuhym2@meetup.com
796,Bytecard,Closed,Bronze,99909 Milwaukee Parkway,rsproulem3@hostgator.com
797,Stim,Open,Platinum,54 Lakeland Pass,vgregsonm4@senate.gov
798,Domainer,Open,Platinum,5 Esch Point,trilingsm5@pcworld.com
799,Fix San,Closed,Gold,68458 Mosinee Street,mpeelm6@arizona.edu
800,Tin,Closed,Platinum,0 Tennessee Junction,vmaulkinm7@networksolutions.com
801,Fintone,Closed,Silver,17876 Summit Alley,jdielhennm8@berkeley.edu
802,Ventosanzap,Open,Platinum,7019 Express Alley,acoatm9@google.de
803,Namfix,Open,Silver,1536 Farwell Pass,lkneema@state.tx.us
804,Alphazap,Closed,Silver,67177 Harper Road,etindlemb@eepurl.com
805,Subin,Open,Silver,65 Waywood Point,bmcilorymc@privacy.gov.au
806,Sonsing,Closed,Silver,73706 Park Meadow Alley,wrockhallmd@tamu.edu
807,Lotlux,Closed,Silver,15361 Buena Vista Plaza,rnormantme@netvibes.com
808,Bitwolf,Closed,Platinum,3 5th Plaza,rbreckwellmf@ycombinator.com
809,Alpha,Open,Platinum,331 Rigney Hill,obraxaymg@woothemes.com
810,Andalax,Open,Gold,6 Bayside Hill,jbenezeitmh@utexas.edu
811,Bytecard,Open,Silver,57025 Barby Center,avanemi@macromedia.com
812,Solarbreeze,Closed,Silver,803 Myrtle Street,ftewnionmj@harvard.edu
813,Y-find,Open,Gold,14 Ilene Court,mkydmk@a8.net
814,Andalax,Closed,Platinum,0474 Buell Court,cpitcaithleyml@discuz.net
815,Gembucket,Open,Gold,36 Cardinal Circle,bgillogleymm@desdev.cn
816,Mat Lam Tam,Closed,Platinum,3 Macpherson Junction,ftunbridgemn@google.com
817,Home Ing,Open,Platinum,7 Truax Drive,gdeminicomo@berkeley.edu
818,Tin,Closed,Platinum,11 Prairie Rose Center,aharcasemp@nih.gov
819,Trippledex,Closed,Bronze,4629 Forster Hill,rwittkemq@arstechnica.com
820,Tres-Zap,Open,Bronze,5985 Carpenter Center,egaigermr@npr.org
821,Ronstring,Closed,Gold,066 Memorial Plaza,kdelayglesiams@angelfire.com
822,Viva,Open,Gold,42096 Ryan Lane,bbolesmt@samsung.com
823,Bamity,Closed,Bronze,6282 Maple Pass,kdawneymu@alibaba.com
824,Sonair,Closed,Bronze,8754 Sachs Avenue,tdelaneymv@businessinsider.com
825,Zaam-Dox,Closed,Bronze,866 Bobwhite Park,cshortcliffemw@opensource.org
826,Pannier,Open,Silver,52 Debs Avenue,dimpsonmx@wisc.edu
827,Latlux,Closed,Platinum,81101 Messerschmidt Way,wcoughlanmy@imdb.com
828,Vagram,Open,Gold,1 Jenna Point,ejewsburymz@mediafire.com
829,Zoolab,Closed,Gold,3 Melvin Crossing,kconcannonn0@usnews.com
830,Opela,Closed,Silver,71 Nelson Park,ysharkn1@dell.com
831,Sonsing,Open,Platinum,9342 Morning Road,arontschn2@hexun.com
832,Overhold,Closed,Silver,3 Ridgeway Drive,mbonhomen3@i2i.jp
833,Otcom,Closed,Bronze,763 Shasta Drive,bclowsern4@ted.com
834,Hatity,Closed,Gold,5095 Little Fleur Pass,awalbrunn5@apple.com
835,Temp,Closed,Gold,5 Rusk Parkway,lmacnallyn6@wsj.com
836,Otcom,Open,Platinum,430 Fairview Place,dnassien7@a8.net
837,Stringtough,Closed,Silver,67934 Transport Terrace,cbrewettn8@cbc.ca
838,Duobam,Closed,Gold,5457 Melrose Avenue,mpenningn9@hibu.com
839,Subin,Open,Platinum,97 John Wall Park,golliffna@tiny.cc
840,Span,Open,Silver,5 Declaration Junction,vmcgebenaynb@a8.net
841,Zontrax,Open,Gold,51 Mosinee Center,wgreensidesnc@miibeian.gov.cn
842,Toughjoyfax,Open,Gold,918 2nd Crossing,vhaselhurstnd@xing.com
843,Y-Solowarm,Closed,Platinum,375 Susan Street,mtomalane@furl.net
844,Temp,Closed,Platinum,1320 Iowa Parkway,aianellinf@census.gov
845,Bitchip,Closed,Silver,1687 Barnett Drive,njanikowsking@nih.gov
846,Trippledex,Open,Silver,34295 Eagle Crest Drive,mcoatenh@businesswire.com
847,Temp,Closed,Gold,87285 Monterey Park,cworsallni@mozilla.org
848,Sonair,Open,Gold,73007 International Park,vhandasidenj@senate.gov
849,Gembucket,Closed,Silver,6 Stephen Crossing,csporenk@umn.edu
850,Flexidy,Open,Bronze,02525 Rigney Circle,kdohmsnl@marketwatch.com
851,Pannier,Open,Gold,50772 Hollow Ridge Alley,jyurtsevnm@ed.gov
852,Opela,Closed,Silver,02 Anderson Place,dcayettenn@wp.com
853,Subin,Closed,Gold,88981 Briar Crest Street,cjanningno@cafepress.com
854,Aerified,Open,Bronze,773 American Ash Hill,lsargantnp@slideshare.net
855,Tempsoft,Closed,Bronze,94750 Tony Lane,mnormanvillenq@devhub.com
856,Bigtax,Open,Silver,26744 Crest Line Way,mtrusteynr@timesonline.co.uk
857,Greenlam,Open,Silver,02054 Warbler Junction,kdelasallens@wikispaces.com
858,Fixflex,Open,Bronze,7 High Crossing Lane,sstenningnt@usatoday.com
859,Y-find,Closed,Silver,7 Burning Wood Parkway,frashleighnu@blinklist.com
860,Gembucket,Closed,Platinum,89641 Cordelia Avenue,fbriggenv@answers.com
861,Span,Closed,Silver,673 Declaration Alley,mhuygensnw@xing.com
862,Transcof,Closed,Silver,271 Acker Alley,jreynernx@instagram.com
863,Voltsillam,Closed,Platinum,8 Stang Park,vtimsny@sciencedirect.com
864,Tampflex,Closed,Silver,968 Corben Parkway,scammoilenz@scientificamerican.com
865,Regrant,Open,Platinum,4209 Crescent Oaks Trail,kpeasegodo0@example.com
866,Domainer,Open,Silver,48 Meadow Ridge Alley,efouliso1@printfriendly.com
867,Andalax,Open,Gold,1 Union Trail,edrogano2@nydailynews.com
868,Redhold,Open,Bronze,9356 Moose Alley,mbrockhersto3@slashdot.org
869,Konklab,Open,Platinum,764 Mendota Crossing,rsargeaunto4@flavors.me
870,Lotstring,Open,Bronze,33 Utah Way,kbartholomewo5@wix.com
871,Subin,Closed,Platinum,2 Sunfield Parkway,eandrago6@shop-pro.jp
872,Temp,Open,Platinum,50 Ridge Oak Drive,kpaprotnyo7@wix.com
873,Home Ing,Closed,Silver,1010 Summerview Street,alockyearo8@prweb.com
874,Y-find,Open,Bronze,3 Ridgeview Parkway,memanulssono9@bluehost.com
875,Fixflex,Open,Silver,40408 Daystar Pass,rbaissoa@who.int
876,Bytecard,Open,Silver,962 Beilfuss Circle,rkestevenob@rediff.com
877,Opela,Open,Platinum,074 Stoughton Point,emaciejewskioc@dot.gov
878,Subin,Closed,Gold,7598 Kingsford Crossing,tcostanod@smh.com.au
879,Prodder,Closed,Silver,8968 Carey Lane,soborneoe@goo.gl
880,Namfix,Open,Platinum,6242 Everett Alley,gsmaileof@simplemachines.org
881,Konklab,Closed,Silver,83 Eagan Court,ispraggeog@blogtalkradio.com
882,Solarbreeze,Open,Bronze,84 Everett Crossing,sbarbrickoh@wikia.com
883,Domainer,Open,Gold,386 Utah Pass,pbleasdaleoi@twitter.com
884,Tres-Zap,Closed,Platinum,2 Fremont Junction,sduligalloj@ft.com
885,Opela,Closed,Platinum,96 Drewry Avenue,lshoobridgeok@vk.com
886,Ronstring,Closed,Silver,830 Cody Trail,eyurikovol@phpbb.com
887,Temp,Closed,Silver,142 Beilfuss Trail,dblowesom@multiply.com
888,Tempsoft,Open,Silver,2 Briar Crest Junction,abuttelon@hc360.com
889,Bitchip,Open,Bronze,3360 Rieder Junction,rrouffoo@t-online.de
890,Span,Open,Gold,6 Ridge Oak Terrace,sberkeleyop@godaddy.com
891,Otcom,Open,Gold,2 Green Ridge Court,tginnallyoq@howstuffworks.com
892,Viva,Closed,Silver,3543 Walton Hill,cpiseror@nationalgeographic.com
893,Treeflex,Open,Gold,7360 Crescent Oaks Alley,ehanselmannos@example.com
894,Toughjoyfax,Open,Silver,907 Monica Point,ebrumfieldot@a8.net
895,Fintone,Open,Silver,77239 Ramsey Street,ebreamou@businessweek.com
896,Tampflex,Open,Bronze,623 Tennyson Pass,ccurrerov@yandex.ru
897,Regrant,Open,Gold,7254 Roth Way,uworsleyow@vk.com
898,Regrant,Open,Gold,95 Golf Place,sfordox@arizona.edu
899,Stringtough,Open,Bronze,3 Roth Terrace,ddoustoy@shinystat.com
900,Bigtax,Closed,Gold,7656 Loftsgordon Circle,cpennringtonoz@wsj.com
901,Overhold,Open,Silver,291 Hoard Trail,alefrankp0@amazon.de
902,Trippledex,Closed,Bronze,30201 Lakewood Gardens Lane,jscafep1@forbes.com
903,Alphazap,Open,Bronze,559 Caliangt Circle,jocriganp2@tmall.com
904,Fixflex,Open,Gold,18167 Westerfield Drive,chucksterp3@salon.com
905,Fix San,Closed,Platinum,039 Clove Place,cbickerdykep4@ucoz.com
906,Duobam,Closed,Platinum,90687 Northwestern Park,hhugnetp5@disqus.com
907,Transcof,Closed,Silver,7082 Mockingbird Alley,rsherrp6@examiner.com
908,Ronstring,Open,Bronze,5294 High Crossing Point,bgregorp7@noaa.gov
909,Temp,Open,Silver,0 Milwaukee Crossing,nmckelveyp8@wunderground.com
910,Cardguard,Closed,Silver,50 Heffernan Point,ahawkeswoodp9@xrea.com
911,Bitwolf,Closed,Gold,0 Service Center,htrittampa@flickr.com
912,Y-Solowarm,Open,Silver,1171 Mockingbird Hill,pkaszperpb@chron.com
913,Alpha,Open,Gold,93979 Cascade Alley,haldhouspc@state.gov
914,Toughjoyfax,Closed,Silver,680 Kings Road,ebuggspd@google.fr
915,Zontrax,Closed,Gold,712 Mayfield Crossing,ddythampe@yandex.ru
916,Andalax,Open,Bronze,638 Saint Paul Alley,cborlespf@virginia.edu
917,Treeflex,Closed,Bronze,6 Dovetail Crossing,wrollingspg@oaic.gov.au
918,Regrant,Open,Platinum,573 Lakewood Gardens Place,tvanarsdalenph@creativecommons.org
919,Veribet,Closed,Bronze,5 Melvin Plaza,jloosemorepi@eepurl.com
920,Prodder,Open,Silver,3 Bluestem Lane,dgozardpj@typepad.com
921,Overhold,Open,Gold,001 Schlimgen Avenue,dgiddypk@rakuten.co.jp
922,Mat Lam Tam,Closed,Silver,6 Eagle Crest Trail,djeaneaupl@chronoengine.com
923,Veribet,Open,Gold,3 Acker Park,fwaplingtonpm@dion.ne.jp
924,Y-find,Open,Bronze,511 Spenser Plaza,chumbatchpn@hexun.com
925,Treeflex,Closed,Bronze,0 La Follette Pass,jroiznpo@about.com
926,Kanlam,Open,Platinum,9 Scott Circle,hbeenpp@pbs.org
927,Zoolab,Closed,Silver,55388 Paget Parkway,jwhittekpq@cafepress.com
928,Transcof,Closed,Silver,1 Laurel Park,jregglerpr@feedburner.com
929,Sonsing,Closed,Gold,52 Fairfield Terrace,pwoodardps@cbsnews.com
930,Y-Solowarm,Open,Platinum,1 Tomscot Hill,gwellsteadpt@gravatar.com
931,Aerified,Open,Platinum,36377 Sullivan Place,ekeyspu@dell.com
932,Cardify,Closed,Gold,8 Forest Dale Place,wladlowpv@dion.ne.jp
933,Sub-Ex,Closed,Silver,10948 Brickson Park Crossing,dhavillepw@meetup.com
934,Regrant,Open,Platinum,27045 Holmberg Pass,hmacmanuspx@photobucket.com
935,Sub-Ex,Closed,Bronze,28 Tennessee Avenue,hbaudonpy@engadget.com
936,Bamity,Open,Gold,9 Monterey Street,cdenholmpz@reddit.com
937,Flexidy,Open,Platinum,778 Riverside Junction,npavyq0@blogs.com
938,Tampflex,Open,Platinum,828 Vidon Street,fmellq1@g.co
939,Stringtough,Open,Platinum,7955 Springview Junction,sbrahmsq2@lycos.com
940,Solarbreeze,Closed,Gold,03095 Lillian Road,cbaudicq3@earthlink.net
941,Quo Lux,Closed,Platinum,86978 La Follette Alley,dagusq4@usa.gov
942,Flowdesk,Open,Silver,2529 Mcguire Hill,tlakerq5@paypal.com
943,Daltfresh,Open,Platinum,257 Lotheville Place,zphonixq6@yahoo.com
944,Opela,Closed,Platinum,81808 Northport Point,rloughtonq7@bigcartel.com
945,Fix San,Closed,Silver,99 Eggendart Junction,pmarklewq8@sakura.ne.jp
946,Otcom,Open,Gold,18648 Lawn Crossing,lpeagrimq9@harvard.edu
947,Flowdesk,Closed,Gold,9431 Farwell Pass,ksergeauntqa@4shared.com
948,Y-Solowarm,Closed,Platinum,80008 Springview Point,gdranfieldqb@mashable.com
949,Tresom,Closed,Silver,3 International Trail,ddalbyqc@eventbrite.com
950,Greenlam,Closed,Platinum,908 Mosinee Park,tfilkinqd@arizona.edu
951,Trippledex,Closed,Gold,337 Menomonie Point,hgillamqe@howstuffworks.com
952,Duobam,Open,Bronze,21 3rd Road,dbranthwaiteqf@t.co
953,Zamit,Closed,Gold,058 Muir Parkway,ahonnicottqg@edublogs.org
954,Regrant,Open,Gold,30658 Laurel Park,mhallittqh@printfriendly.com
955,Holdlamis,Open,Gold,52 Westridge Point,hstrasseqi@msn.com
956,Tresom,Closed,Gold,9872 6th Trail,nfilinkovqj@vkontakte.ru
957,Sonsing,Open,Platinum,2 Glacier Hill Circle,tryanqk@newsvine.com
958,Y-Solowarm,Closed,Gold,521 Maple Wood Point,dkamanql@mashable.com
959,Zoolab,Open,Bronze,4 Pepper Wood Center,ablasiqm@shutterfly.com
960,Biodex,Closed,Gold,823 Morrow Parkway,gfrizellqn@51.la
961,Bitchip,Closed,Silver,7 1st Alley,ademancheqo@google.com.hk
962,Andalax,Closed,Silver,050 Towne Lane,igillionqp@dot.gov
963,Viva,Closed,Platinum,8 Maywood Parkway,wdowseqq@archive.org
964,Mat Lam Tam,Closed,Bronze,2867 Vernon Place,dcorcoranqr@tamu.edu
965,Zoolab,Closed,Silver,49 8th Road,jdeyenhardtqs@ucoz.com
966,Y-Solowarm,Closed,Bronze,93959 Karstens Junction,tcrommettqt@businessinsider.com
967,Bitchip,Open,Bronze,421 Clove Court,catackqu@hatena.ne.jp
968,Otcom,Closed,Silver,02766 7th Junction,mtofanoqv@wordpress.org
969,Transcof,Open,Platinum,064 Kings Pass,folijveqw@miitbeian.gov.cn
970,Fixflex,Closed,Bronze,1310 Nelson Crossing,ghansemannqx@google.de
971,Sonsing,Open,Bronze,47 Fulton Junction,mcorneljesqy@rambler.ru
972,Job,Closed,Platinum,96959 Oakridge Center,nmclucasqz@mysql.com
973,Latlux,Closed,Silver,0 Kedzie Avenue,ctredgetr0@tripod.com
974,Cardify,Closed,Silver,8265 Hooker Point,gdominikr1@t.co
975,Zathin,Open,Platinum,1293 Meadow Valley Drive,mwigginr2@diigo.com
976,Stim,Open,Silver,9 Bashford Street,tgaroghanr3@loc.gov
977,Fixflex,Closed,Silver,8160 Mallard Place,lsebirer4@patch.com
978,Home Ing,Open,Platinum,4536 Hallows Junction,mzavattierir5@walmart.com
979,Solarbreeze,Closed,Gold,36 Lakewood Gardens Road,scraggr6@github.io
980,Zaam-Dox,Open,Gold,80421 Sullivan Pass,eshellcrossr7@jugem.jp
981,Regrant,Closed,Platinum,277 Hermina Center,fmcilwrickr8@china.com.cn
982,Temp,Open,Silver,31 Valley Edge Junction,ajankiewiczr9@dot.gov
983,Cardify,Closed,Silver,97 Elgar Circle,kramsayra@ucoz.ru
984,Gembucket,Closed,Bronze,1 High Crossing Crossing,dnicholrb@narod.ru
985,Tempsoft,Open,Gold,208 1st Center,sbortolussirc@sohu.com
986,Wrapsafe,Closed,Platinum,0 Swallow Crossing,vsearchfieldrd@imgur.com
987,Bitwolf,Closed,Silver,05695 Meadow Valley Road,acamdenre@cyberchimps.com
988,Temp,Open,Gold,6769 Waxwing Way,jhastrf@cdbaby.com
989,Lotstring,Open,Platinum,920 Lawn Center,mcramprg@devhub.com
990,Voltsillam,Closed,Platinum,71 Judy Drive,bjurarh@sourceforge.net
991,Cardguard,Closed,Gold,8 Boyd Drive,iscurlockri@phoca.cz
992,Otcom,Closed,Gold,73042 Helena Center,igrimoldbyrj@hp.com
993,Zaam-Dox,Closed,Platinum,992 Jay Street,epachtark@clickbank.net
994,Cookley,Closed,Bronze,476 Wayridge Court,karendsenrl@bbc.co.uk
995,Sonsing,Closed,Gold,1 Bay Avenue,casmusrm@yahoo.com
996,Bigtax,Closed,Silver,400 Eggendart Center,lscocroftrn@mit.edu
997,Matsoft,Open,Bronze,8656 Bobwhite Alley,gglasspoolro@opensource.org
998,Temp,Open,Bronze,66 Lawn Terrace,ctizardrp@springer.com
999,Fix San,Closed,Bronze,27025 Oak Center,gcavenrq@economist.com
1000,Cookley,Open,Silver,164 Manufacturers Way,efarnsworthrr@wordpress.org